-21,0,hIoGG+NXa0kHyCMgQmCfOynhB/8=,4QF7Flp+iVKDC+ENrNltTaLKddc=
-20,0,hIoGG+NXa0kHyCMgQmCfOynhB/8=,4QF7Flp+iVKDC+ENrNltTaLKddc=
-19,0,hIoGG+NXa0kHyCMgQmCfOynhB/8=,4QF7Flp+iVKDC+ENrNltTaLKddc=
-18,0,hIoGG+NXa0kHyCMgQmCfOynhB/8=,4QF7Flp+iVKDC+ENrNltTaLKddc=
-17,0,hIoGG+NXa0kHyCMgQmCfOynhB/8=,4QF7Flp+iVKDC+ENrNltTaLKddc=
-16,0,hIoGG+NXa0kHyCMgQmCfOynhB/8=,AEAjEaBT7EsCJcpQ/NGcZclthcc=
-15,0,hIoGG+NXa0kHyCMgQmCfOynhB/8=,AEAjEaBT7EsCJcpQ/NGcZclthcc=
-14,0,hIoGG+NXa0kHyCMgQmCfOynhB/8=,AEAjEaBT7EsCJcpQ/NGcZclthcc=
-13,0,hIoGG+NXa0kHyCMgQmCfOynhB/8=,AEAjEaBT7EsCJcpQ/NGcZclthcc=
-12,0,hIoGG+NXa0kHyCMgQmCfOynhB/8=,KT8QjqTeY1G+5eNBHkDzEJCLp1k=
-11,0,hIoGG+NXa0kHyCMgQmCfOynhB/8=,VAX97BNBeCh/8ZCTRPGyTkNorWM=
-10,0,hIoGG+NXa0kHyCMgQmCfOynhB/8=,O+mnXhqMvjTLJeqgA5cJzNVRHkI=
-9,0,hIoGG+NXa0kHyCMgQmCfOynhB/8=,wFIPOP9Jr5NgV9roT0MXp8YD1wE=
-8,0,MtKI1obLxTURJvDdo4plbUdnjQo=,juBDEpOOc0JmYx0iZcnrE0G/cD8=
-7,0,MtKI1obLxTURJvDdo4plbUdnjQo=,juBDEpOOc0JmYx0iZcnrE0G/cD8=
-6,0,MtKI1obLxTURJvDdo4plbUdnjQo=,9VCcqVkiq3pR9KF92/uoSEJNMUc=
-5,0,MtKI1obLxTURJvDdo4plbUdnjQo=,YhBRqqLF271d8R4JRpUGBIR6a7I=
-4,0,MtKI1obLxTURJvDdo4plbUdnjQo=,MNAutK8gu6cvxtVi8GPZbryTUNY=
-3,0,MtKI1obLxTURJvDdo4plbUdnjQo=,tY92qhIHjtXDVpnrDeLiLsjOaI0=
-2,0,MtKI1obLxTURJvDdo4plbUdnjQo=,+KvfnBBd0uk4zqAf5mh9LwH/pek=
-1,0,MtKI1obLxTURJvDdo4plbUdnjQo=,xuPBsd0CfO1zc0E1yZtRQUpoSZc=
-21,1,CimOXnCNzYisuaqUR2QkqzVOnZY=,udvBAokdTRE+3Lp3sOwres6Xp4M=
-20,1,CimOXnCNzYisuaqUR2QkqzVOnZY=,zX6f1hezQMxXq2MQ4832U62fLTA=
-19,1,CimOXnCNzYisuaqUR2QkqzVOnZY=,oBqmvniGvrBetAnNiR7G8+y9vus=
-18,1,CimOXnCNzYisuaqUR2QkqzVOnZY=,oBqmvniGvrBetAnNiR7G8+y9vus=
-17,1,CimOXnCNzYisuaqUR2QkqzVOnZY=,j3xo53qXtdkvneYLmCuiOTgbGMs=
-16,1,CimOXnCNzYisuaqUR2QkqzVOnZY=,AEAjEaBT7EsCJcpQ/NGcZclthcc=
-15,1,CimOXnCNzYisuaqUR2QkqzVOnZY=,rZkJdziX8T5BFd/vFX98n+Vphug=
-14,1,CimOXnCNzYisuaqUR2QkqzVOnZY=,rT+VRr0iT9DqFW/slJqkVWNCqL4=
-13,1,CimOXnCNzYisuaqUR2QkqzVOnZY=,B8JhLKL94+Ba7js9r8HWQEvZIOg=
-12,1,DXpGZQU8Be0OTqSr288oDsWLT4k=,tncn0RSIASXzVaYbPtCn/cq2dOM=
-11,1,DXpGZQU8Be0OTqSr288oDsWLT4k=,09J8vHpaKc9wfQUx3BrF0TPLH0o=
-10,1,DXpGZQU8Be0OTqSr288oDsWLT4k=,N5+EoUofffT0shrXeDSk5ROlr1U=
-9,1,DXpGZQU8Be0OTqSr288oDsWLT4k=,92FNb3OTEPdgb9Q6wDzeWRZSpy8=
-8,1,DXpGZQU8Be0OTqSr288oDsWLT4k=,juBDEpOOc0JmYx0iZcnrE0G/cD8=
-7,1,DXpGZQU8Be0OTqSr288oDsWLT4k=,juBDEpOOc0JmYx0iZcnrE0G/cD8=
-6,1,DXpGZQU8Be0OTqSr288oDsWLT4k=,bm32oPGKMYv+J/jJaBcGL/xhesU=
-5,1,DXpGZQU8Be0OTqSr288oDsWLT4k=,dZt6RrBxB8U29eDragNj1gmPhkw=
-4,1,DXpGZQU8Be0OTqSr288oDsWLT4k=,KUyh8pjWUd149F60BikAACOLRII=
-3,1,DXpGZQU8Be0OTqSr288oDsWLT4k=,lvH0cAx4WZT6C63hjKYNZqyofps=
-2,1,DXpGZQU8Be0OTqSr288oDsWLT4k=,Qadp3YP3gEOWDSK0xox17UHjn8Q=
-1,1,DXpGZQU8Be0OTqSr288oDsWLT4k=,q/dpI5JZNtMn+uLVQQwSC6SSGqo=
-22,2,biBrbPPXInuN6xtfSUALMisT9qQ=,oEgDwfNl6vYaJHeZJfEklvouH3U=
-21,2,biBrbPPXInuN6xtfSUALMisT9qQ=,oEgDwfNl6vYaJHeZJfEklvouH3U=
-20,2,biBrbPPXInuN6xtfSUALMisT9qQ=,m0if8t4OsFGKxTK/jL1dI42jLh8=
-19,2,biBrbPPXInuN6xtfSUALMisT9qQ=,t63kMrPVbb3tf8ISPGmmyqeyIbs=
-18,2,biBrbPPXInuN6xtfSUALMisT9qQ=,Lnji0TGd631KpJOWLRl5ekUZxaM=
-17,2,biBrbPPXInuN6xtfSUALMisT9qQ=,QluGB+ugr8lIGtT4dlS5I4wcBxs=
-16,2,biBrbPPXInuN6xtfSUALMisT9qQ=,AEAjEaBT7EsCJcpQ/NGcZclthcc=
-15,2,biBrbPPXInuN6xtfSUALMisT9qQ=,hAkK/fYgG1NItSJmaadJRSnc/rw=
-14,2,biBrbPPXInuN6xtfSUALMisT9qQ=,uvvxvp4+/gPfpS3aBCoRL1Ylr8A=
-13,2,A/gUjcMvCTm29+81CNa7LO/E3HI=,PwOd759SY3NtEd3c8lBwjjv+kNI=
-12,2,A/gUjcMvCTm29+81CNa7LO/E3HI=,AEAjEaBT7EsCJcpQ/NGcZclthcc=
-11,2,A/gUjcMvCTm29+81CNa7LO/E3HI=,k3lNmuXKP7jSmwV9jCxTUIy0E4I=
-10,2,A/gUjcMvCTm29+81CNa7LO/E3HI=,BJVszr4F4qm36zzNy5VSrL14aQo=
-9,2,A/gUjcMvCTm29+81CNa7LO/E3HI=,wT8Jf2ZmVZJQbr6sT2DhtPaISQ4=
-8,2,A/gUjcMvCTm29+81CNa7LO/E3HI=,X/UFVm7wm6e/D6V/nLfcalCrZHE=
-7,2,A/gUjcMvCTm29+81CNa7LO/E3HI=,DXqByyxTs9CW4ddpZ/qoaCokY4U=
-6,2,A/gUjcMvCTm29+81CNa7LO/E3HI=,HBK62gcYvWWIOrONmr1DiitOF8A=
-5,2,A/gUjcMvCTm29+81CNa7LO/E3HI=,g6IH69RKew89oE05357sE6ebSDI=
-4,2,A/gUjcMvCTm29+81CNa7LO/E3HI=,3eyRqqSdoK4ha/0dXhTllYf+Uk0=
-3,2,A/gUjcMvCTm29+81CNa7LO/E3HI=,XgGX4j2krBE5kZ166ol/QXX0mvY=
-2,2,A/gUjcMvCTm29+81CNa7LO/E3HI=,pugXPfS2aDsuoHSLiS2DR+D4dt0=
-1,2,A/gUjcMvCTm29+81CNa7LO/E3HI=,dMQl1unFDuQIPNVeoh707qBecpY=
-23,3,IZV0pImk0cEwRtULzBpU65H2flo=,etnLYV30FSOSmoe70IA4d8M9A4w=
-22,3,VJehMYHNOkoJkirbuO8N1k4byEM=,oEgDwfNl6vYaJHeZJfEklvouH3U=
-21,3,VJehMYHNOkoJkirbuO8N1k4byEM=,oEgDwfNl6vYaJHeZJfEklvouH3U=
-20,3,VJehMYHNOkoJkirbuO8N1k4byEM=,0jB9iEkbqFZ/x7iFlC6gvlDPhbE=
-19,3,VJehMYHNOkoJkirbuO8N1k4byEM=,eGLzraXx1XqiAcw477jx+xgOd7c=
-18,3,VJehMYHNOkoJkirbuO8N1k4byEM=,uzjGbWEqu18upaWjwbP2XsjkEjU=
-17,3,VJehMYHNOkoJkirbuO8N1k4byEM=,4QF7Flp+iVKDC+ENrNltTaLKddc=
-16,3,VJehMYHNOkoJkirbuO8N1k4byEM=,AEAjEaBT7EsCJcpQ/NGcZclthcc=
-15,3,VJehMYHNOkoJkirbuO8N1k4byEM=,snEMaHLez6kEYN0GxVWfoDd8ZTw=
-14,3,VJehMYHNOkoJkirbuO8N1k4byEM=,iBaqr5mtIFBm/BB803csz6Zp7gU=
-13,3,VJehMYHNOkoJkirbuO8N1k4byEM=,tSRBqTtz4cBDX4JG9VTVbSLz7S8=
-12,3,VJehMYHNOkoJkirbuO8N1k4byEM=,rZkJdziX8T5BFd/vFX98n+Vphug=
-11,3,VJehMYHNOkoJkirbuO8N1k4byEM=,JKRQnAq6dxBCTViHwEXIggugrIs=
-10,3,VJehMYHNOkoJkirbuO8N1k4byEM=,yEocxwY5qKUklZChGI13EP1IveA=
-9,3,VJehMYHNOkoJkirbuO8N1k4byEM=,0UDC4Zx4u44kJMZykz1lWB6QF9E=
-8,3,VJehMYHNOkoJkirbuO8N1k4byEM=,Fkz0PzB/0DnxPFRUrVNFaMqgP4k=
-7,3,VJehMYHNOkoJkirbuO8N1k4byEM=,DKsAQaBrpAZsojQacU9qi+y94m0=
-6,3,1FCsH3RB386miDJCFaIWKP7lZ1M=,/6+cpDvO2RNJq/tr7XVCmBurwVA=
-5,3,1FCsH3RB386miDJCFaIWKP7lZ1M=,Gb1XxgAWx3Rd9kvD/64Sf3VVCtI=
-4,3,1FCsH3RB386miDJCFaIWKP7lZ1M=,gAxnu0/98Qw0JZKmoiEd4Iz9HpQ=
-3,3,1FCsH3RB386miDJCFaIWKP7lZ1M=,iMtz5tp2PY43U15L4sxdbsjzjMk=
-2,3,1FCsH3RB386miDJCFaIWKP7lZ1M=,jFaDRXhYYYVFxVoNnGjWan4205c=
-1,3,1FCsH3RB386miDJCFaIWKP7lZ1M=,a/cQUrZ+Ul83/qICCPO3UfceCrM=
-13,4,Fs4zYmhcQIkqZ1hTW5Xw1f1hGEg=,AEAjEaBT7EsCJcpQ/NGcZclthcc=
-12,4,Fs4zYmhcQIkqZ1hTW5Xw1f1hGEg=,hAkK/fYgG1NItSJmaadJRSnc/rw=
-11,4,W/xFoJOpgtLjCfg6bhKwUPW2qg0=,NOkrI4gh4sHYoFLh7C8Qx4SfA5o=
-10,4,W/xFoJOpgtLjCfg6bhKwUPW2qg0=,yGm8VpcdrzbT4CNrYBecAOBWp6c=
-9,4,W/xFoJOpgtLjCfg6bhKwUPW2qg0=,0UDC4Zx4u44kJMZykz1lWB6QF9E=
-8,4,W/xFoJOpgtLjCfg6bhKwUPW2qg0=,MNypJEC/whqQAImgJqC5sIkEydk=
-7,4,W/xFoJOpgtLjCfg6bhKwUPW2qg0=,BWNb07AKx+7uyFzfH5R4CyT0Shk=
-6,4,W/xFoJOpgtLjCfg6bhKwUPW2qg0=,CoBgbpmKDpJDTt/a18mWygonqzg=
-5,4,W/xFoJOpgtLjCfg6bhKwUPW2qg0=,NXK6pFdutaLfNplPAtkF0icRMtU=
-4,4,W/xFoJOpgtLjCfg6bhKwUPW2qg0=,FhMvqfVo8J5fsp8PDRSp3ECDwkQ=
-3,4,W/xFoJOpgtLjCfg6bhKwUPW2qg0=,iMtz5tp2PY43U15L4sxdbsjzjMk=
-2,4,W/xFoJOpgtLjCfg6bhKwUPW2qg0=,jOH5ITvaufhP3b6aUu1XuPAojQA=
-1,4,W/xFoJOpgtLjCfg6bhKwUPW2qg0=,LuIkmOYnDJ78pB6rQ8C5fMmQ4Ik=
-16,5,B3oHOLxlkk/nTL4fmn/4OEaqUTA=,AEAjEaBT7EsCJcpQ/NGcZclthcc=
-10,5,B3oHOLxlkk/nTL4fmn/4OEaqUTA=,ejbjpR2awhB+MQweLLzXZ/Ar9Wc=
-9,5,B3oHOLxlkk/nTL4fmn/4OEaqUTA=,0UDC4Zx4u44kJMZykz1lWB6QF9E=
-8,5,B3oHOLxlkk/nTL4fmn/4OEaqUTA=,BerHb79baI6LruGu5vWTOmonJ34=
-7,5,B3oHOLxlkk/nTL4fmn/4OEaqUTA=,Q+uxTzqmsLpn6TmCq6iJHGFiC2o=
-6,5,B3oHOLxlkk/nTL4fmn/4OEaqUTA=,DEanSeztWEq0FyZpmxIMM5Lmgno=
-5,5,B3oHOLxlkk/nTL4fmn/4OEaqUTA=,/Sbgy/MLFt2hq0+2dGuM8hPBL/g=
-4,5,B3oHOLxlkk/nTL4fmn/4OEaqUTA=,96c0sAQ7afTwLjaYMZF3453LaAg=
-3,5,B3oHOLxlkk/nTL4fmn/4OEaqUTA=,2pjOjxN1r+bUM+mYNInLhIeps8c=
-2,5,B3oHOLxlkk/nTL4fmn/4OEaqUTA=,OnREu2lf9C6nfYZsnHnfA5oSnqo=
-1,5,B3oHOLxlkk/nTL4fmn/4OEaqUTA=,17rIYRkLJ1+nz0UhI2TDDXxoVcw=
-20,6,CQf5oRnvTgJcjlLQf1pxcVVasBo=,LTKY128mBazZQzQuVgmX4aBksgg=
-19,6,CQf5oRnvTgJcjlLQf1pxcVVasBo=,LTKY128mBazZQzQuVgmX4aBksgg=
-18,6,CQf5oRnvTgJcjlLQf1pxcVVasBo=,LTKY128mBazZQzQuVgmX4aBksgg=
-17,6,CQf5oRnvTgJcjlLQf1pxcVVasBo=,LTKY128mBazZQzQuVgmX4aBksgg=
-16,6,CQf5oRnvTgJcjlLQf1pxcVVasBo=,F7QKn/86imO/woKDq9iYkrbVTfA=
-15,6,CQf5oRnvTgJcjlLQf1pxcVVasBo=,F7QKn/86imO/woKDq9iYkrbVTfA=
-12,6,CQf5oRnvTgJcjlLQf1pxcVVasBo=,HXdmEZurQ3KtugkT/EtGuqLSt+g=
-11,6,ft2sfmtq+xBcxEjML1BmfRhrmfk=,3lSR/A+TnShhrHbe6ahQafy3xow=
-10,6,ft2sfmtq+xBcxEjML1BmfRhrmfk=,vBV/Tf27YVbQ6GBDopCuq3pAd3c=
-9,6,JdbYklCBHDRF0sXbNWiyUTw5Ins=,R5Bn4EE4ql7n5ULFHEbcJZwmvu0=
-8,6,JdbYklCBHDRF0sXbNWiyUTw5Ins=,W4vNQzhsaIrVDsV3RyaPJRdV+Y8=
-7,6,JdbYklCBHDRF0sXbNWiyUTw5Ins=,JfA0brlESC8u1OrWz0pRhb/8h48=
-6,6,JdbYklCBHDRF0sXbNWiyUTw5Ins=,edB2QMo/vpsHWcNcuYx/fQjXLQ8=
-5,6,26w3Sg7eew+JqRKEBX4zofqenFY=,8ZiXNxUpiB1TD3BFTjYYSs5q3ZU=
-4,6,26w3Sg7eew+JqRKEBX4zofqenFY=,d7x7mtPY3yh3AXSGUDNM3BPh2sM=
-3,6,26w3Sg7eew+JqRKEBX4zofqenFY=,e9LLD3F3pybl86laDJUfHbyXXus=
-2,6,26w3Sg7eew+JqRKEBX4zofqenFY=,kiMO1PnGGIFPinXlWv92WlYzkrE=
-1,6,26w3Sg7eew+JqRKEBX4zofqenFY=,+roYIdKVSHWsL25tZDQxHL8fpcA=
-26,7,DAvP3Ahblu0Tvxf6aph1JQhU6B8=,U7+aEVvx9GetVm2afIS0cBOEYKk=
-25,7,DAvP3Ahblu0Tvxf6aph1JQhU6B8=,U7+aEVvx9GetVm2afIS0cBOEYKk=
-24,7,DAvP3Ahblu0Tvxf6aph1JQhU6B8=,K1Pg8occbpjD/iQMwaKYRFiN208=
-23,7,DAvP3Ahblu0Tvxf6aph1JQhU6B8=,wu3g2xJvhJGH0t3yUwl1yr+O4eU=
-22,7,DAvP3Ahblu0Tvxf6aph1JQhU6B8=,4QF7Flp+iVKDC+ENrNltTaLKddc=
-21,7,sCBc0p5aM+jgQdmowgr2RoTNBGo=,HWXZ9Tl9zYJJBZEah93as0oe3VY=
-20,7,sCBc0p5aM+jgQdmowgr2RoTNBGo=,1HKCt0zuulxADwfPpyEgNXB2Pjk=
-19,7,sCBc0p5aM+jgQdmowgr2RoTNBGo=,1HKCt0zuulxADwfPpyEgNXB2Pjk=
-18,7,sCBc0p5aM+jgQdmowgr2RoTNBGo=,1HKCt0zuulxADwfPpyEgNXB2Pjk=
-17,7,sCBc0p5aM+jgQdmowgr2RoTNBGo=,1HKCt0zuulxADwfPpyEgNXB2Pjk=
-16,7,sCBc0p5aM+jgQdmowgr2RoTNBGo=,PlFpYlK9s1pjuf8qtTgk/RIO/6g=
-15,7,sCBc0p5aM+jgQdmowgr2RoTNBGo=,PlFpYlK9s1pjuf8qtTgk/RIO/6g=
-14,7,sCBc0p5aM+jgQdmowgr2RoTNBGo=,embRNThvv7nDrg7/gT7d883Ndkk=
-13,7,sCBc0p5aM+jgQdmowgr2RoTNBGo=,p+cNzGEcylyJRbIhShb6K98QpAk=
-12,7,sCBc0p5aM+jgQdmowgr2RoTNBGo=,p+cNzGEcylyJRbIhShb6K98QpAk=
-11,7,oQOF02PgHWxC+YPlgzgKploabjU=,hQdRB3n6qMd3AwUp09EDI4aHTlg=
-10,7,oQOF02PgHWxC+YPlgzgKploabjU=,AFynPKMGZCrOF3P1+vQj/S/ycs4=
-9,7,oQOF02PgHWxC+YPlgzgKploabjU=,JR3E4YbiLAdJB6JWXX9cskZhNho=
-8,7,oQOF02PgHWxC+YPlgzgKploabjU=,BrqPU7sa27AMVjUFmm2qI6vfML8=
-7,7,oQOF02PgHWxC+YPlgzgKploabjU=,K8IcsokGGTWKdInRe2kxrZsKg9Y=
-6,7,oQOF02PgHWxC+YPlgzgKploabjU=,gE2Cgw79I9kCNaxV0bd+EeY6Zbk=
-5,7,oQOF02PgHWxC+YPlgzgKploabjU=,W6ags2UK26G2AnMcOK6OdieOm6A=
-4,7,oQOF02PgHWxC+YPlgzgKploabjU=,2FSNtXegCEEQXFKA+4cDN2RHzak=
-3,7,oQOF02PgHWxC+YPlgzgKploabjU=,iMtz5tp2PY43U15L4sxdbsjzjMk=
-2,7,oQOF02PgHWxC+YPlgzgKploabjU=,iMtz5tp2PY43U15L4sxdbsjzjMk=
-1,7,oQOF02PgHWxC+YPlgzgKploabjU=,iMtz5tp2PY43U15L4sxdbsjzjMk=
-28,8,jYz4ZXH/gSZT2RpsQssDYxhT2cs=,U7+aEVvx9GetVm2afIS0cBOEYKk=
-27,8,jYz4ZXH/gSZT2RpsQssDYxhT2cs=,U7+aEVvx9GetVm2afIS0cBOEYKk=
-26,8,jYz4ZXH/gSZT2RpsQssDYxhT2cs=,U7+aEVvx9GetVm2afIS0cBOEYKk=
-25,8,jYz4ZXH/gSZT2RpsQssDYxhT2cs=,U7+aEVvx9GetVm2afIS0cBOEYKk=
-24,8,jYz4ZXH/gSZT2RpsQssDYxhT2cs=,2N2yQsrhMn0t9loKGpmEkAxlCQg=
-23,8,jYz4ZXH/gSZT2RpsQssDYxhT2cs=,2N2yQsrhMn0t9loKGpmEkAxlCQg=
-15,8,jYz4ZXH/gSZT2RpsQssDYxhT2cs=,EJq0UQ3VI4QvbnnMb7WCF7hCmSk=
-14,8,jYz4ZXH/gSZT2RpsQssDYxhT2cs=,EJq0UQ3VI4QvbnnMb7WCF7hCmSk=
-13,8,fPS65xqxCvdLxT+QZ8sjZDzON7M=,EJq0UQ3VI4QvbnnMb7WCF7hCmSk=
-12,8,fPS65xqxCvdLxT+QZ8sjZDzON7M=,EJq0UQ3VI4QvbnnMb7WCF7hCmSk=
-8,8,fPS65xqxCvdLxT+QZ8sjZDzON7M=,BNja7wZm1BrU+DCqmM5JImdzrZM=
-7,8,fPS65xqxCvdLxT+QZ8sjZDzON7M=,PhojIw4t4vZwQIVFPmaIJuRciTw=
-6,8,fPS65xqxCvdLxT+QZ8sjZDzON7M=,f68FSs2mZ+QjaUO4t56h0GflpqQ=
-5,8,fPS65xqxCvdLxT+QZ8sjZDzON7M=,7S6ToJDzBHi2ruG5uY5DKyBA5FY=
-4,8,fPS65xqxCvdLxT+QZ8sjZDzON7M=,nDstwUARLPcSGMZLAC+0RJ9oPYI=
-3,8,fPS65xqxCvdLxT+QZ8sjZDzON7M=,nDstwUARLPcSGMZLAC+0RJ9oPYI=
-2,8,fPS65xqxCvdLxT+QZ8sjZDzON7M=,lOvTVWJDKL2k83P9K+enM3laCuw=
-1,8,fPS65xqxCvdLxT+QZ8sjZDzON7M=,1MOJFz1G9SsYikE3/Iw14Pr9RLo=
-28,9,gf4i8oOx658F7EcXNJ/UD1YJQBI=,U7+aEVvx9GetVm2afIS0cBOEYKk=
-27,9,gf4i8oOx658F7EcXNJ/UD1YJQBI=,U7+aEVvx9GetVm2afIS0cBOEYKk=
-25,9,gf4i8oOx658F7EcXNJ/UD1YJQBI=,U7+aEVvx9GetVm2afIS0cBOEYKk=
-7,9,gf4i8oOx658F7EcXNJ/UD1YJQBI=,7+wKXmOJsexnxgngH38qgsHvJaw=
-6,9,gf4i8oOx658F7EcXNJ/UD1YJQBI=,RLTGMB7lRJouEDeW1zso5zPscRU=
-5,9,KPmsQ40cV3LmrEnJFaW4HKk147U=,TZbGDoZKxioBFERSG3g8OsZZwNI=
-4,9,KPmsQ40cV3LmrEnJFaW4HKk147U=,vR0/HYoreZ7CqMmLGEBvwPbr/vI=
-3,9,KPmsQ40cV3LmrEnJFaW4HKk147U=,3kSI8MN2WfV5ziZ6jJ2M/ygFQmo=
-1,9,KPmsQ40cV3LmrEnJFaW4HKk147U=,lOvTVWJDKL2k83P9K+enM3laCuw=
-13,10,2YN9rDsl4USwUV53DxCacjSpkWs=,EJq0UQ3VI4QvbnnMb7WCF7hCmSk=
-7,10,2YN9rDsl4USwUV53DxCacjSpkWs=,uFaBOQilBqok5gR4CDbZXiSUqPk=
-6,10,2YN9rDsl4USwUV53DxCacjSpkWs=,/JkRmmE63b2khB5WQNSDvQebVhY=
-5,10,2YN9rDsl4USwUV53DxCacjSpkWs=,qqLWa0i79RFhrXLCrHAqdR3tLxo=
-1,10,2YN9rDsl4USwUV53DxCacjSpkWs=,mSn+8nthjWVxd55ciMaw6SUg2YA=
-15,11,GMgNCkfVodU2DlbwYJaA8G1xacY=,EJq0UQ3VI4QvbnnMb7WCF7hCmSk=
-14,11,GMgNCkfVodU2DlbwYJaA8G1xacY=,EJq0UQ3VI4QvbnnMb7WCF7hCmSk=
-7,11,GMgNCkfVodU2DlbwYJaA8G1xacY=,6xQB/aQLEKzDIwutItnPqeIvSVU=
-6,11,GMgNCkfVodU2DlbwYJaA8G1xacY=,5ECiAokYcW4htsbJLE+aNB9hgRw=
-5,11,GMgNCkfVodU2DlbwYJaA8G1xacY=,6nlWAmiJW7/HDOE9Ql473xT+lLA=
-2,11,GMgNCkfVodU2DlbwYJaA8G1xacY=,hShmwq2bhL00smICPo9U2KHf6Jc=
-1,11,GMgNCkfVodU2DlbwYJaA8G1xacY=,hShmwq2bhL00smICPo9U2KHf6Jc=
-15,12,YYtKYJ8lKosm4WTB7foapq/22ZQ=,EJq0UQ3VI4QvbnnMb7WCF7hCmSk=
-8,12,YYtKYJ8lKosm4WTB7foapq/22ZQ=,PA+MQ1cf7ykBZ1fIOMmC3bQSn6E=
-7,12,YYtKYJ8lKosm4WTB7foapq/22ZQ=,VMqYQUKH7xtR3NK8ayrSvRywlkY=
-6,12,YYtKYJ8lKosm4WTB7foapq/22ZQ=,PhojIw4t4vZwQIVFPmaIJuRciTw=
-1,12,YYtKYJ8lKosm4WTB7foapq/22ZQ=,hShmwq2bhL00smICPo9U2KHf6Jc=
-15,13,dtPhCMkNZ9fwXpzIb8opEEDFkLs=,EJq0UQ3VI4QvbnnMb7WCF7hCmSk=
-14,13,dtPhCMkNZ9fwXpzIb8opEEDFkLs=,EJq0UQ3VI4QvbnnMb7WCF7hCmSk=
-8,13,dtPhCMkNZ9fwXpzIb8opEEDFkLs=,VMqYQUKH7xtR3NK8ayrSvRywlkY=
-7,13,dtPhCMkNZ9fwXpzIb8opEEDFkLs=,PhojIw4t4vZwQIVFPmaIJuRciTw=
-6,13,dtPhCMkNZ9fwXpzIb8opEEDFkLs=,wUjKejZ8Ol5hit+GIDrqJ6EzJ3M=
-1,13,dtPhCMkNZ9fwXpzIb8opEEDFkLs=,hShmwq2bhL00smICPo9U2KHf6Jc=
-13,14,dtPhCMkNZ9fwXpzIb8opEEDFkLs=,EJq0UQ3VI4QvbnnMb7WCF7hCmSk=
-8,14,dtPhCMkNZ9fwXpzIb8opEEDFkLs=,PhojIw4t4vZwQIVFPmaIJuRciTw=
-7,14,dtPhCMkNZ9fwXpzIb8opEEDFkLs=,PhojIw4t4vZwQIVFPmaIJuRciTw=
-9,15,dnQRw8EOR/iaQpbhmIsMDYl+OFY=,EJq0UQ3VI4QvbnnMb7WCF7hCmSk=
-8,15,dnQRw8EOR/iaQpbhmIsMDYl+OFY=,PhojIw4t4vZwQIVFPmaIJuRciTw=
-7,15,dnQRw8EOR/iaQpbhmIsMDYl+OFY=,wUjKejZ8Ol5hit+GIDrqJ6EzJ3M=
-11,16,1NingAxzjjQ6ZfsVrckIbjLM7WE=,dwKgG3s0ec3nwZ6Zv2u2WcAI4B0=
-10,16,1NingAxzjjQ6ZfsVrckIbjLM7WE=,dwKgG3s0ec3nwZ6Zv2u2WcAI4B0=
-9,16,1NingAxzjjQ6ZfsVrckIbjLM7WE=,dwKgG3s0ec3nwZ6Zv2u2WcAI4B0=
-8,16,1NingAxzjjQ6ZfsVrckIbjLM7WE=,Ew7w/oh2ZrKwE4Fk0uJg8sK09OM=
-11,17,1NingAxzjjQ6ZfsVrckIbjLM7WE=,dwKgG3s0ec3nwZ6Zv2u2WcAI4B0=
-10,17,1NingAxzjjQ6ZfsVrckIbjLM7WE=,dwKgG3s0ec3nwZ6Zv2u2WcAI4B0=
-9,17,1NingAxzjjQ6ZfsVrckIbjLM7WE=,dwKgG3s0ec3nwZ6Zv2u2WcAI4B0=
-8,17,1NingAxzjjQ6ZfsVrckIbjLM7WE=,Ew7w/oh2ZrKwE4Fk0uJg8sK09OM=
-10,18,1NingAxzjjQ6ZfsVrckIbjLM7WE=,dwKgG3s0ec3nwZ6Zv2u2WcAI4B0=
-9,18,1NingAxzjjQ6ZfsVrckIbjLM7WE=,dwKgG3s0ec3nwZ6Zv2u2WcAI4B0=
-10,19,P/5940Tii+hCB76715uUp3vimR0=,dwKgG3s0ec3nwZ6Zv2u2WcAI4B0=
-9,19,P/5940Tii+hCB76715uUp3vimR0=,dwKgG3s0ec3nwZ6Zv2u2WcAI4B0=
-10,20,P/5940Tii+hCB76715uUp3vimR0=,dwKgG3s0ec3nwZ6Zv2u2WcAI4B0=
-9,20,P/5940Tii+hCB76715uUp3vimR0=,dwKgG3s0ec3nwZ6Zv2u2WcAI4B0=
-8,20,P/5940Tii+hCB76715uUp3vimR0=,Ew7w/oh2ZrKwE4Fk0uJg8sK09OM=
-12,21,P/5940Tii+hCB76715uUp3vimR0=,dwKgG3s0ec3nwZ6Zv2u2WcAI4B0=
-10,21,P/5940Tii+hCB76715uUp3vimR0=,dwKgG3s0ec3nwZ6Zv2u2WcAI4B0=
-9,21,MsRZ75kpaGEfJ6/KMCItFYoabW4=,dwKgG3s0ec3nwZ6Zv2u2WcAI4B0=
-8,21,MsRZ75kpaGEfJ6/KMCItFYoabW4=,Ew7w/oh2ZrKwE4Fk0uJg8sK09OM=
-12,22,MsRZ75kpaGEfJ6/KMCItFYoabW4=,dwKgG3s0ec3nwZ6Zv2u2WcAI4B0=
-9,22,MsRZ75kpaGEfJ6/KMCItFYoabW4=,dwKgG3s0ec3nwZ6Zv2u2WcAI4B0=
-8,22,MsRZ75kpaGEfJ6/KMCItFYoabW4=,Ew7w/oh2ZrKwE4Fk0uJg8sK09OM=
-12,23,MsRZ75kpaGEfJ6/KMCItFYoabW4=,dwKgG3s0ec3nwZ6Zv2u2WcAI4B0=
-9,23,MsRZ75kpaGEfJ6/KMCItFYoabW4=,dwKgG3s0ec3nwZ6Zv2u2WcAI4B0=
-8,23,MsRZ75kpaGEfJ6/KMCItFYoabW4=,Ew7w/oh2ZrKwE4Fk0uJg8sK09OM=
-12,24,MsRZ75kpaGEfJ6/KMCItFYoabW4=,dwKgG3s0ec3nwZ6Zv2u2WcAI4B0=
-9,24,MsRZ75kpaGEfJ6/KMCItFYoabW4=,dwKgG3s0ec3nwZ6Zv2u2WcAI4B0=
-8,24,MsRZ75kpaGEfJ6/KMCItFYoabW4=,Ew7w/oh2ZrKwE4Fk0uJg8sK09OM=
-12,25,Fsbtlat1VtZP10IY3oMgCJtkvOM=,dwKgG3s0ec3nwZ6Zv2u2WcAI4B0=
-11,25,Fsbtlat1VtZP10IY3oMgCJtkvOM=,dwKgG3s0ec3nwZ6Zv2u2WcAI4B0=
-9,25,Fsbtlat1VtZP10IY3oMgCJtkvOM=,dwKgG3s0ec3nwZ6Zv2u2WcAI4B0=
-8,25,19QJKcGtS730VQOavIB/CwVsdpQ=,Ew7w/oh2ZrKwE4Fk0uJg8sK09OM=
-11,26,19QJKcGtS730VQOavIB/CwVsdpQ=,dwKgG3s0ec3nwZ6Zv2u2WcAI4B0=
-8,26,19QJKcGtS730VQOavIB/CwVsdpQ=,Ew7w/oh2ZrKwE4Fk0uJg8sK09OM=
-11,27,WL1CZ8mxfEpYugQEX4V8F2N5ubI=,dwKgG3s0ec3nwZ6Zv2u2WcAI4B0=
-9,27,WL1CZ8mxfEpYugQEX4V8F2N5ubI=,dwKgG3s0ec3nwZ6Zv2u2WcAI4B0=
-8,27,WL1CZ8mxfEpYugQEX4V8F2N5ubI=,Ew7w/oh2ZrKwE4Fk0uJg8sK09OM=
-11,28,WL1CZ8mxfEpYugQEX4V8F2N5ubI=,dwKgG3s0ec3nwZ6Zv2u2WcAI4B0=
-10,28,WL1CZ8mxfEpYugQEX4V8F2N5ubI=,dwKgG3s0ec3nwZ6Zv2u2WcAI4B0=
-9,28,WL1CZ8mxfEpYugQEX4V8F2N5ubI=,dwKgG3s0ec3nwZ6Zv2u2WcAI4B0=
-8,28,WL1CZ8mxfEpYugQEX4V8F2N5ubI=,Ew7w/oh2ZrKwE4Fk0uJg8sK09OM=
-10,29,WL1CZ8mxfEpYugQEX4V8F2N5ubI=,dwKgG3s0ec3nwZ6Zv2u2WcAI4B0=
-9,29,WL1CZ8mxfEpYugQEX4V8F2N5ubI=,dwKgG3s0ec3nwZ6Zv2u2WcAI4B0=
-8,29,WL1CZ8mxfEpYugQEX4V8F2N5ubI=,klukZ5ycE2Gey/rPPwOydpoQ3vA=
-10,30,WL1CZ8mxfEpYugQEX4V8F2N5ubI=,dwKgG3s0ec3nwZ6Zv2u2WcAI4B0=
-9,30,WL1CZ8mxfEpYugQEX4V8F2N5ubI=,dwKgG3s0ec3nwZ6Zv2u2WcAI4B0=
-8,30,5ctGG7ywqaalD6aYFyEM8ErnNgE=,ClURPGYvWY76IgaVFDKdepESq6E=
-7,30,5ctGG7ywqaalD6aYFyEM8ErnNgE=,LY+P9yOhcvX8CkZVeDawyTbP5fQ=
-6,30,5ctGG7ywqaalD6aYFyEM8ErnNgE=,s0yuMUMPwurD7Hi7Cb4UJ1U829Q=
-10,31,5ctGG7ywqaalD6aYFyEM8ErnNgE=,dwKgG3s0ec3nwZ6Zv2u2WcAI4B0=
-8,31,5ctGG7ywqaalD6aYFyEM8ErnNgE=,mFS/ZlafbBRbYHMAMMd0Ju0ke1M=
-7,31,5ctGG7ywqaalD6aYFyEM8ErnNgE=,8A9KF2p4qTDMrosbVVk+5qAnpqQ=
-6,31,5ctGG7ywqaalD6aYFyEM8ErnNgE=,8A9KF2p4qTDMrosbVVk+5qAnpqQ=
-5,31,5ctGG7ywqaalD6aYFyEM8ErnNgE=,UNwPXco/v8pCQfOchZ4G4pWJAk0=
-4,31,5ctGG7ywqaalD6aYFyEM8ErnNgE=,d1zkBSgBHCqy3iqS5NoDCN4aF1M=
-3,31,5ctGG7ywqaalD6aYFyEM8ErnNgE=,Ew7w/oh2ZrKwE4Fk0uJg8sK09OM=
