165,-255,Q1UtsXP0vqDBE2fNZgJP/0PbwMw=,Dk19+UcScz20U+ADXsZSNzDVnU0=
166,-254,Q1UtsXP0vqDBE2fNZgJP/0PbwMw=,Dk19+UcScz20U+ADXsZSNzDVnU0=
165,-254,Q1UtsXP0vqDBE2fNZgJP/0PbwMw=,Dk19+UcScz20U+ADXsZSNzDVnU0=
166,-255,Q1UtsXP0vqDBE2fNZgJP/0PbwMw=,Dk19+UcScz20U+ADXsZSNzDVnU0=
169,-247,Q1UtsXP0vqDBE2fNZgJP/0PbwMw=,WegiBbATqmkCDgnReEvCZbtmSLg=
170,-246,Q1UtsXP0vqDBE2fNZgJP/0PbwMw=,WegiBbATqmkCDgnReEvCZbtmSLg=
170,-247,Q1UtsXP0vqDBE2fNZgJP/0PbwMw=,WegiBbATqmkCDgnReEvCZbtmSLg=
169,-246,Q1UtsXP0vqDBE2fNZgJP/0PbwMw=,WegiBbATqmkCDgnReEvCZbtmSLg=
174,-251,VJJ3cDQtTrfX0fXHkGmr2WhSD9U=,cBeI1DjaQ+TZhyIdghRK898byjE=
173,-250,VJJ3cDQtTrfX0fXHkGmr2WhSD9U=,cBeI1DjaQ+TZhyIdghRK898byjE=
173,-251,VJJ3cDQtTrfX0fXHkGmr2WhSD9U=,cBeI1DjaQ+TZhyIdghRK898byjE=
174,-250,VJJ3cDQtTrfX0fXHkGmr2WhSD9U=,cBeI1DjaQ+TZhyIdghRK898byjE=
169,-251,VJJ3cDQtTrfX0fXHkGmr2WhSD9U=,HuHs9czVW6hGySEV7CrFHa69i4A=
169,-248,VJJ3cDQtTrfX0fXHkGmr2WhSD9U=,WegiBbATqmkCDgnReEvCZbtmSLg=
172,-250,VJJ3cDQtTrfX0fXHkGmr2WhSD9U=,cBeI1DjaQ+TZhyIdghRK898byjE=
170,-248,VJJ3cDQtTrfX0fXHkGmr2WhSD9U=,WegiBbATqmkCDgnReEvCZbtmSLg=
172,-251,VJJ3cDQtTrfX0fXHkGmr2WhSD9U=,cBeI1DjaQ+TZhyIdghRK898byjE=
171,-250,VJJ3cDQtTrfX0fXHkGmr2WhSD9U=,HuHs9czVW6hGySEV7CrFHa69i4A=
170,-250,VJJ3cDQtTrfX0fXHkGmr2WhSD9U=,HuHs9czVW6hGySEV7CrFHa69i4A=
170,-249,VJJ3cDQtTrfX0fXHkGmr2WhSD9U=,HuHs9czVW6hGySEV7CrFHa69i4A=
171,-251,VJJ3cDQtTrfX0fXHkGmr2WhSD9U=,HuHs9czVW6hGySEV7CrFHa69i4A=
170,-251,VJJ3cDQtTrfX0fXHkGmr2WhSD9U=,HuHs9czVW6hGySEV7CrFHa69i4A=
169,-249,VJJ3cDQtTrfX0fXHkGmr2WhSD9U=,HuHs9czVW6hGySEV7CrFHa69i4A=
169,-250,VJJ3cDQtTrfX0fXHkGmr2WhSD9U=,HuHs9czVW6hGySEV7CrFHa69i4A=
166,-250,VJJ3cDQtTrfX0fXHkGmr2WhSD9U=,l0oXLhY73NWyp+WrkJ/LGGzGo00=
168,-251,VJJ3cDQtTrfX0fXHkGmr2WhSD9U=,HuHs9czVW6hGySEV7CrFHa69i4A=
165,-251,VJJ3cDQtTrfX0fXHkGmr2WhSD9U=,l0oXLhY73NWyp+WrkJ/LGGzGo00=
166,-252,VJJ3cDQtTrfX0fXHkGmr2WhSD9U=,l0oXLhY73NWyp+WrkJ/LGGzGo00=
165,-250,VJJ3cDQtTrfX0fXHkGmr2WhSD9U=,l0oXLhY73NWyp+WrkJ/LGGzGo00=
166,-253,VJJ3cDQtTrfX0fXHkGmr2WhSD9U=,Dk19+UcScz20U+ADXsZSNzDVnU0=
167,-250,VJJ3cDQtTrfX0fXHkGmr2WhSD9U=,l0oXLhY73NWyp+WrkJ/LGGzGo00=
165,-252,VJJ3cDQtTrfX0fXHkGmr2WhSD9U=,l0oXLhY73NWyp+WrkJ/LGGzGo00=
168,-250,VJJ3cDQtTrfX0fXHkGmr2WhSD9U=,HuHs9czVW6hGySEV7CrFHa69i4A=
165,-253,VJJ3cDQtTrfX0fXHkGmr2WhSD9U=,Dk19+UcScz20U+ADXsZSNzDVnU0=
166,-251,VJJ3cDQtTrfX0fXHkGmr2WhSD9U=,l0oXLhY73NWyp+WrkJ/LGGzGo00=
167,-251,VJJ3cDQtTrfX0fXHkGmr2WhSD9U=,l0oXLhY73NWyp+WrkJ/LGGzGo00=
165,-249,VJJ3cDQtTrfX0fXHkGmr2WhSD9U=,l0oXLhY73NWyp+WrkJ/LGGzGo00=
168,-246,VJJ3cDQtTrfX0fXHkGmr2WhSD9U=,WegiBbATqmkCDgnReEvCZbtmSLg=
168,-248,VJJ3cDQtTrfX0fXHkGmr2WhSD9U=,WegiBbATqmkCDgnReEvCZbtmSLg=
167,-249,VJJ3cDQtTrfX0fXHkGmr2WhSD9U=,l0oXLhY73NWyp+WrkJ/LGGzGo00=
174,-241,VJJ3cDQtTrfX0fXHkGmr2WhSD9U=,9wpfkIMsnLMvzVrtBv/kA4Fw//A=
174,-243,VJJ3cDQtTrfX0fXHkGmr2WhSD9U=,9wpfkIMsnLMvzVrtBv/kA4Fw//A=
173,-242,VJJ3cDQtTrfX0fXHkGmr2WhSD9U=,9wpfkIMsnLMvzVrtBv/kA4Fw//A=
175,-243,VJJ3cDQtTrfX0fXHkGmr2WhSD9U=,9wpfkIMsnLMvzVrtBv/kA4Fw//A=
168,-249,VJJ3cDQtTrfX0fXHkGmr2WhSD9U=,HuHs9czVW6hGySEV7CrFHa69i4A=
166,-249,VJJ3cDQtTrfX0fXHkGmr2WhSD9U=,l0oXLhY73NWyp+WrkJ/LGGzGo00=
168,-247,VJJ3cDQtTrfX0fXHkGmr2WhSD9U=,WegiBbATqmkCDgnReEvCZbtmSLg=
173,-241,VJJ3cDQtTrfX0fXHkGmr2WhSD9U=,9wpfkIMsnLMvzVrtBv/kA4Fw//A=
175,-242,VJJ3cDQtTrfX0fXHkGmr2WhSD9U=,9wpfkIMsnLMvzVrtBv/kA4Fw//A=
174,-242,VJJ3cDQtTrfX0fXHkGmr2WhSD9U=,9wpfkIMsnLMvzVrtBv/kA4Fw//A=
173,-243,VJJ3cDQtTrfX0fXHkGmr2WhSD9U=,9wpfkIMsnLMvzVrtBv/kA4Fw//A=
175,-250,VJJ3cDQtTrfX0fXHkGmr2WhSD9U=,cBeI1DjaQ+TZhyIdghRK898byjE=
167,-253,VJJ3cDQtTrfX0fXHkGmr2WhSD9U=,Dk19+UcScz20U+ADXsZSNzDVnU0=
175,-251,VJJ3cDQtTrfX0fXHkGmr2WhSD9U=,cBeI1DjaQ+TZhyIdghRK898byjE=
168,-252,VJJ3cDQtTrfX0fXHkGmr2WhSD9U=,HuHs9czVW6hGySEV7CrFHa69i4A=
167,-255,VJJ3cDQtTrfX0fXHkGmr2WhSD9U=,Dk19+UcScz20U+ADXsZSNzDVnU0=
169,-252,VJJ3cDQtTrfX0fXHkGmr2WhSD9U=,HuHs9czVW6hGySEV7CrFHa69i4A=
170,-252,VJJ3cDQtTrfX0fXHkGmr2WhSD9U=,HuHs9czVW6hGySEV7CrFHa69i4A=
167,-254,VJJ3cDQtTrfX0fXHkGmr2WhSD9U=,Dk19+UcScz20U+ADXsZSNzDVnU0=
167,-252,VJJ3cDQtTrfX0fXHkGmr2WhSD9U=,l0oXLhY73NWyp+WrkJ/LGGzGo00=
164,-251,VJJ3cDQtTrfX0fXHkGmr2WhSD9U=,l0oXLhY73NWyp+WrkJ/LGGzGo00=
164,-250,VJJ3cDQtTrfX0fXHkGmr2WhSD9U=,l0oXLhY73NWyp+WrkJ/LGGzGo00=
165,-256,VJJ3cDQtTrfX0fXHkGmr2WhSD9U=,Dk19+UcScz20U+ADXsZSNzDVnU0=
166,-256,VJJ3cDQtTrfX0fXHkGmr2WhSD9U=,Dk19+UcScz20U+ADXsZSNzDVnU0=
172,-252,VJJ3cDQtTrfX0fXHkGmr2WhSD9U=,cBeI1DjaQ+TZhyIdghRK898byjE=
171,-252,VJJ3cDQtTrfX0fXHkGmr2WhSD9U=,HuHs9czVW6hGySEV7CrFHa69i4A=
174,-252,VJJ3cDQtTrfX0fXHkGmr2WhSD9U=,cBeI1DjaQ+TZhyIdghRK898byjE=
173,-252,VJJ3cDQtTrfX0fXHkGmr2WhSD9U=,cBeI1DjaQ+TZhyIdghRK898byjE=
171,-246,VJJ3cDQtTrfX0fXHkGmr2WhSD9U=,WegiBbATqmkCDgnReEvCZbtmSLg=
175,-244,VJJ3cDQtTrfX0fXHkGmr2WhSD9U=,9wpfkIMsnLMvzVrtBv/kA4Fw//A=
174,-247,VJJ3cDQtTrfX0fXHkGmr2WhSD9U=,/BysuQifs2B5Z/qjvbiMqYhPq6M=
172,-248,VJJ3cDQtTrfX0fXHkGmr2WhSD9U=,/BysuQifs2B5Z/qjvbiMqYhPq6M=
175,-247,VJJ3cDQtTrfX0fXHkGmr2WhSD9U=,/BysuQifs2B5Z/qjvbiMqYhPq6M=
172,-249,VJJ3cDQtTrfX0fXHkGmr2WhSD9U=,cBeI1DjaQ+TZhyIdghRK898byjE=
169,-243,VJJ3cDQtTrfX0fXHkGmr2WhSD9U=,mFP9sTb8dvh2ZK5u6dd1RS08RC4=
168,-243,VJJ3cDQtTrfX0fXHkGmr2WhSD9U=,mFP9sTb8dvh2ZK5u6dd1RS08RC4=
172,-246,VJJ3cDQtTrfX0fXHkGmr2WhSD9U=,/BysuQifs2B5Z/qjvbiMqYhPq6M=
171,-248,VJJ3cDQtTrfX0fXHkGmr2WhSD9U=,WegiBbATqmkCDgnReEvCZbtmSLg=
172,-244,VJJ3cDQtTrfX0fXHkGmr2WhSD9U=,9wpfkIMsnLMvzVrtBv/kA4Fw//A=
170,-243,VJJ3cDQtTrfX0fXHkGmr2WhSD9U=,mFP9sTb8dvh2ZK5u6dd1RS08RC4=
173,-246,VJJ3cDQtTrfX0fXHkGmr2WhSD9U=,/BysuQifs2B5Z/qjvbiMqYhPq6M=
173,-249,VJJ3cDQtTrfX0fXHkGmr2WhSD9U=,cBeI1DjaQ+TZhyIdghRK898byjE=
172,-242,VJJ3cDQtTrfX0fXHkGmr2WhSD9U=,9wpfkIMsnLMvzVrtBv/kA4Fw//A=
174,-246,VJJ3cDQtTrfX0fXHkGmr2WhSD9U=,/BysuQifs2B5Z/qjvbiMqYhPq6M=
175,-246,VJJ3cDQtTrfX0fXHkGmr2WhSD9U=,/BysuQifs2B5Z/qjvbiMqYhPq6M=
173,-247,VJJ3cDQtTrfX0fXHkGmr2WhSD9U=,/BysuQifs2B5Z/qjvbiMqYhPq6M=
171,-243,VJJ3cDQtTrfX0fXHkGmr2WhSD9U=,mFP9sTb8dvh2ZK5u6dd1RS08RC4=
168,-242,VJJ3cDQtTrfX0fXHkGmr2WhSD9U=,mFP9sTb8dvh2ZK5u6dd1RS08RC4=
169,-242,VJJ3cDQtTrfX0fXHkGmr2WhSD9U=,mFP9sTb8dvh2ZK5u6dd1RS08RC4=
170,-242,VJJ3cDQtTrfX0fXHkGmr2WhSD9U=,mFP9sTb8dvh2ZK5u6dd1RS08RC4=
173,-248,VJJ3cDQtTrfX0fXHkGmr2WhSD9U=,/BysuQifs2B5Z/qjvbiMqYhPq6M=
175,-245,VJJ3cDQtTrfX0fXHkGmr2WhSD9U=,/BysuQifs2B5Z/qjvbiMqYhPq6M=
171,-249,VJJ3cDQtTrfX0fXHkGmr2WhSD9U=,HuHs9czVW6hGySEV7CrFHa69i4A=
175,-249,VJJ3cDQtTrfX0fXHkGmr2WhSD9U=,cBeI1DjaQ+TZhyIdghRK898byjE=
175,-248,VJJ3cDQtTrfX0fXHkGmr2WhSD9U=,/BysuQifs2B5Z/qjvbiMqYhPq6M=
174,-248,VJJ3cDQtTrfX0fXHkGmr2WhSD9U=,/BysuQifs2B5Z/qjvbiMqYhPq6M=
171,-242,VJJ3cDQtTrfX0fXHkGmr2WhSD9U=,mFP9sTb8dvh2ZK5u6dd1RS08RC4=
174,-244,VJJ3cDQtTrfX0fXHkGmr2WhSD9U=,9wpfkIMsnLMvzVrtBv/kA4Fw//A=
172,-247,VJJ3cDQtTrfX0fXHkGmr2WhSD9U=,/BysuQifs2B5Z/qjvbiMqYhPq6M=
168,-241,VJJ3cDQtTrfX0fXHkGmr2WhSD9U=,mFP9sTb8dvh2ZK5u6dd1RS08RC4=
168,-245,VJJ3cDQtTrfX0fXHkGmr2WhSD9U=,WegiBbATqmkCDgnReEvCZbtmSLg=
169,-241,VJJ3cDQtTrfX0fXHkGmr2WhSD9U=,mFP9sTb8dvh2ZK5u6dd1RS08RC4=
172,-245,VJJ3cDQtTrfX0fXHkGmr2WhSD9U=,/BysuQifs2B5Z/qjvbiMqYhPq6M=
169,-245,VJJ3cDQtTrfX0fXHkGmr2WhSD9U=,WegiBbATqmkCDgnReEvCZbtmSLg=
170,-241,VJJ3cDQtTrfX0fXHkGmr2WhSD9U=,mFP9sTb8dvh2ZK5u6dd1RS08RC4=
170,-245,VJJ3cDQtTrfX0fXHkGmr2WhSD9U=,WegiBbATqmkCDgnReEvCZbtmSLg=
171,-245,VJJ3cDQtTrfX0fXHkGmr2WhSD9U=,WegiBbATqmkCDgnReEvCZbtmSLg=
173,-245,VJJ3cDQtTrfX0fXHkGmr2WhSD9U=,/BysuQifs2B5Z/qjvbiMqYhPq6M=
171,-247,VJJ3cDQtTrfX0fXHkGmr2WhSD9U=,WegiBbATqmkCDgnReEvCZbtmSLg=
171,-241,VJJ3cDQtTrfX0fXHkGmr2WhSD9U=,mFP9sTb8dvh2ZK5u6dd1RS08RC4=
168,-244,VJJ3cDQtTrfX0fXHkGmr2WhSD9U=,mFP9sTb8dvh2ZK5u6dd1RS08RC4=
169,-244,VJJ3cDQtTrfX0fXHkGmr2WhSD9U=,mFP9sTb8dvh2ZK5u6dd1RS08RC4=
174,-245,VJJ3cDQtTrfX0fXHkGmr2WhSD9U=,/BysuQifs2B5Z/qjvbiMqYhPq6M=
174,-249,VJJ3cDQtTrfX0fXHkGmr2WhSD9U=,cBeI1DjaQ+TZhyIdghRK898byjE=
170,-244,VJJ3cDQtTrfX0fXHkGmr2WhSD9U=,mFP9sTb8dvh2ZK5u6dd1RS08RC4=
172,-243,VJJ3cDQtTrfX0fXHkGmr2WhSD9U=,9wpfkIMsnLMvzVrtBv/kA4Fw//A=
171,-244,VJJ3cDQtTrfX0fXHkGmr2WhSD9U=,mFP9sTb8dvh2ZK5u6dd1RS08RC4=
173,-244,VJJ3cDQtTrfX0fXHkGmr2WhSD9U=,9wpfkIMsnLMvzVrtBv/kA4Fw//A=
172,-241,VJJ3cDQtTrfX0fXHkGmr2WhSD9U=,9wpfkIMsnLMvzVrtBv/kA4Fw//A=
160,-253,VJJ3cDQtTrfX0fXHkGmr2WhSD9U=,6urCUhp9xQXmm4OTi0yTmYQKF/Y=
163,-256,VJJ3cDQtTrfX0fXHkGmr2WhSD9U=,6urCUhp9xQXmm4OTi0yTmYQKF/Y=
162,-253,VJJ3cDQtTrfX0fXHkGmr2WhSD9U=,6urCUhp9xQXmm4OTi0yTmYQKF/Y=
161,-253,VJJ3cDQtTrfX0fXHkGmr2WhSD9U=,6urCUhp9xQXmm4OTi0yTmYQKF/Y=
162,-256,VJJ3cDQtTrfX0fXHkGmr2WhSD9U=,6urCUhp9xQXmm4OTi0yTmYQKF/Y=
161,-256,VJJ3cDQtTrfX0fXHkGmr2WhSD9U=,6urCUhp9xQXmm4OTi0yTmYQKF/Y=
163,-254,VJJ3cDQtTrfX0fXHkGmr2WhSD9U=,6urCUhp9xQXmm4OTi0yTmYQKF/Y=
163,-253,VJJ3cDQtTrfX0fXHkGmr2WhSD9U=,6urCUhp9xQXmm4OTi0yTmYQKF/Y=
162,-254,VJJ3cDQtTrfX0fXHkGmr2WhSD9U=,6urCUhp9xQXmm4OTi0yTmYQKF/Y=
164,-253,VJJ3cDQtTrfX0fXHkGmr2WhSD9U=,Dk19+UcScz20U+ADXsZSNzDVnU0=
164,-254,VJJ3cDQtTrfX0fXHkGmr2WhSD9U=,Dk19+UcScz20U+ADXsZSNzDVnU0=
160,-255,VJJ3cDQtTrfX0fXHkGmr2WhSD9U=,6urCUhp9xQXmm4OTi0yTmYQKF/Y=
164,-256,VJJ3cDQtTrfX0fXHkGmr2WhSD9U=,Dk19+UcScz20U+ADXsZSNzDVnU0=
161,-254,VJJ3cDQtTrfX0fXHkGmr2WhSD9U=,6urCUhp9xQXmm4OTi0yTmYQKF/Y=
160,-254,VJJ3cDQtTrfX0fXHkGmr2WhSD9U=,6urCUhp9xQXmm4OTi0yTmYQKF/Y=
160,-256,VJJ3cDQtTrfX0fXHkGmr2WhSD9U=,6urCUhp9xQXmm4OTi0yTmYQKF/Y=
164,-255,VJJ3cDQtTrfX0fXHkGmr2WhSD9U=,Dk19+UcScz20U+ADXsZSNzDVnU0=
164,-252,VJJ3cDQtTrfX0fXHkGmr2WhSD9U=,l0oXLhY73NWyp+WrkJ/LGGzGo00=
163,-255,VJJ3cDQtTrfX0fXHkGmr2WhSD9U=,6urCUhp9xQXmm4OTi0yTmYQKF/Y=
161,-255,VJJ3cDQtTrfX0fXHkGmr2WhSD9U=,6urCUhp9xQXmm4OTi0yTmYQKF/Y=
162,-255,VJJ3cDQtTrfX0fXHkGmr2WhSD9U=,6urCUhp9xQXmm4OTi0yTmYQKF/Y=
175,-252,VJJ3cDQtTrfX0fXHkGmr2WhSD9U=,cBeI1DjaQ+TZhyIdghRK898byjE=
167,-256,VJJ3cDQtTrfX0fXHkGmr2WhSD9U=,Dk19+UcScz20U+ADXsZSNzDVnU0=
175,-241,VJJ3cDQtTrfX0fXHkGmr2WhSD9U=,9wpfkIMsnLMvzVrtBv/kA4Fw//A=
164,-249,VJJ3cDQtTrfX0fXHkGmr2WhSD9U=,l0oXLhY73NWyp+WrkJ/LGGzGo00=
165,-234,Bv8Y1bBjBUF7aVYrZREn8MnlWR8=,GN1ji7pPuHZf0SvI8zxt1ce5lhQ=
166,-235,Bv8Y1bBjBUF7aVYrZREn8MnlWR8=,GN1ji7pPuHZf0SvI8zxt1ce5lhQ=
165,-235,Bv8Y1bBjBUF7aVYrZREn8MnlWR8=,GN1ji7pPuHZf0SvI8zxt1ce5lhQ=
166,-234,Bv8Y1bBjBUF7aVYrZREn8MnlWR8=,GN1ji7pPuHZf0SvI8zxt1ce5lhQ=
161,-228,Bv8Y1bBjBUF7aVYrZREn8MnlWR8=,F0uRdvgqAMn9f8l5h3NMA3h5ORQ=
162,-226,Bv8Y1bBjBUF7aVYrZREn8MnlWR8=,F0uRdvgqAMn9f8l5h3NMA3h5ORQ=
161,-226,Bv8Y1bBjBUF7aVYrZREn8MnlWR8=,F0uRdvgqAMn9f8l5h3NMA3h5ORQ=
162,-227,Bv8Y1bBjBUF7aVYrZREn8MnlWR8=,F0uRdvgqAMn9f8l5h3NMA3h5ORQ=
161,-227,Bv8Y1bBjBUF7aVYrZREn8MnlWR8=,F0uRdvgqAMn9f8l5h3NMA3h5ORQ=
162,-228,Bv8Y1bBjBUF7aVYrZREn8MnlWR8=,F0uRdvgqAMn9f8l5h3NMA3h5ORQ=
164,-227,0NZKBs3qfP472oaJyzrgkPL6wgA=,6gsifDNMva2vdKQfvKNNlF8gNcc=
166,-226,0NZKBs3qfP472oaJyzrgkPL6wgA=,6gsifDNMva2vdKQfvKNNlF8gNcc=
163,-226,0NZKBs3qfP472oaJyzrgkPL6wgA=,F0uRdvgqAMn9f8l5h3NMA3h5ORQ=
165,-226,0NZKBs3qfP472oaJyzrgkPL6wgA=,6gsifDNMva2vdKQfvKNNlF8gNcc=
164,-226,0NZKBs3qfP472oaJyzrgkPL6wgA=,6gsifDNMva2vdKQfvKNNlF8gNcc=
163,-227,0NZKBs3qfP472oaJyzrgkPL6wgA=,F0uRdvgqAMn9f8l5h3NMA3h5ORQ=
166,-227,0NZKBs3qfP472oaJyzrgkPL6wgA=,6gsifDNMva2vdKQfvKNNlF8gNcc=
165,-227,0NZKBs3qfP472oaJyzrgkPL6wgA=,6gsifDNMva2vdKQfvKNNlF8gNcc=
169,-233,0NZKBs3qfP472oaJyzrgkPL6wgA=,qWAhYzXiFyvC1YAB39qMSTpqQTY=
170,-233,0NZKBs3qfP472oaJyzrgkPL6wgA=,qWAhYzXiFyvC1YAB39qMSTpqQTY=
168,-235,0NZKBs3qfP472oaJyzrgkPL6wgA=,qWAhYzXiFyvC1YAB39qMSTpqQTY=
169,-235,0NZKBs3qfP472oaJyzrgkPL6wgA=,qWAhYzXiFyvC1YAB39qMSTpqQTY=
170,-235,0NZKBs3qfP472oaJyzrgkPL6wgA=,qWAhYzXiFyvC1YAB39qMSTpqQTY=
167,-235,0NZKBs3qfP472oaJyzrgkPL6wgA=,GN1ji7pPuHZf0SvI8zxt1ce5lhQ=
170,-234,0NZKBs3qfP472oaJyzrgkPL6wgA=,qWAhYzXiFyvC1YAB39qMSTpqQTY=
167,-234,0NZKBs3qfP472oaJyzrgkPL6wgA=,GN1ji7pPuHZf0SvI8zxt1ce5lhQ=
169,-234,0NZKBs3qfP472oaJyzrgkPL6wgA=,qWAhYzXiFyvC1YAB39qMSTpqQTY=
168,-234,0NZKBs3qfP472oaJyzrgkPL6wgA=,qWAhYzXiFyvC1YAB39qMSTpqQTY=
168,-233,0NZKBs3qfP472oaJyzrgkPL6wgA=,qWAhYzXiFyvC1YAB39qMSTpqQTY=
164,-231,0NZKBs3qfP472oaJyzrgkPL6wgA=,63rHnkJWTM2LalvXYQ9W0C1rZx4=
167,-230,0NZKBs3qfP472oaJyzrgkPL6wgA=,63rHnkJWTM2LalvXYQ9W0C1rZx4=
166,-228,0NZKBs3qfP472oaJyzrgkPL6wgA=,6gsifDNMva2vdKQfvKNNlF8gNcc=
166,-233,0NZKBs3qfP472oaJyzrgkPL6wgA=,GN1ji7pPuHZf0SvI8zxt1ce5lhQ=
166,-230,0NZKBs3qfP472oaJyzrgkPL6wgA=,63rHnkJWTM2LalvXYQ9W0C1rZx4=
164,-229,0NZKBs3qfP472oaJyzrgkPL6wgA=,63rHnkJWTM2LalvXYQ9W0C1rZx4=
163,-228,0NZKBs3qfP472oaJyzrgkPL6wgA=,F0uRdvgqAMn9f8l5h3NMA3h5ORQ=
166,-229,0NZKBs3qfP472oaJyzrgkPL6wgA=,63rHnkJWTM2LalvXYQ9W0C1rZx4=
165,-229,0NZKBs3qfP472oaJyzrgkPL6wgA=,63rHnkJWTM2LalvXYQ9W0C1rZx4=
165,-228,0NZKBs3qfP472oaJyzrgkPL6wgA=,6gsifDNMva2vdKQfvKNNlF8gNcc=
165,-233,0NZKBs3qfP472oaJyzrgkPL6wgA=,GN1ji7pPuHZf0SvI8zxt1ce5lhQ=
165,-231,0NZKBs3qfP472oaJyzrgkPL6wgA=,63rHnkJWTM2LalvXYQ9W0C1rZx4=
164,-230,0NZKBs3qfP472oaJyzrgkPL6wgA=,63rHnkJWTM2LalvXYQ9W0C1rZx4=
166,-231,0NZKBs3qfP472oaJyzrgkPL6wgA=,63rHnkJWTM2LalvXYQ9W0C1rZx4=
165,-232,0NZKBs3qfP472oaJyzrgkPL6wgA=,63rHnkJWTM2LalvXYQ9W0C1rZx4=
167,-231,0NZKBs3qfP472oaJyzrgkPL6wgA=,63rHnkJWTM2LalvXYQ9W0C1rZx4=
167,-232,0NZKBs3qfP472oaJyzrgkPL6wgA=,63rHnkJWTM2LalvXYQ9W0C1rZx4=
164,-228,0NZKBs3qfP472oaJyzrgkPL6wgA=,6gsifDNMva2vdKQfvKNNlF8gNcc=
166,-232,0NZKBs3qfP472oaJyzrgkPL6wgA=,63rHnkJWTM2LalvXYQ9W0C1rZx4=
165,-230,0NZKBs3qfP472oaJyzrgkPL6wgA=,63rHnkJWTM2LalvXYQ9W0C1rZx4=
167,-233,0NZKBs3qfP472oaJyzrgkPL6wgA=,GN1ji7pPuHZf0SvI8zxt1ce5lhQ=
170,-236,0NZKBs3qfP472oaJyzrgkPL6wgA=,qWAhYzXiFyvC1YAB39qMSTpqQTY=
169,-239,0NZKBs3qfP472oaJyzrgkPL6wgA=,VGqRhQJgnXveDw8XLrfCWJKG/K8=
170,-237,0NZKBs3qfP472oaJyzrgkPL6wgA=,VGqRhQJgnXveDw8XLrfCWJKG/K8=
169,-236,0NZKBs3qfP472oaJyzrgkPL6wgA=,qWAhYzXiFyvC1YAB39qMSTpqQTY=
170,-238,0NZKBs3qfP472oaJyzrgkPL6wgA=,VGqRhQJgnXveDw8XLrfCWJKG/K8=
170,-239,0NZKBs3qfP472oaJyzrgkPL6wgA=,VGqRhQJgnXveDw8XLrfCWJKG/K8=
169,-237,0NZKBs3qfP472oaJyzrgkPL6wgA=,VGqRhQJgnXveDw8XLrfCWJKG/K8=
169,-238,0NZKBs3qfP472oaJyzrgkPL6wgA=,VGqRhQJgnXveDw8XLrfCWJKG/K8=
171,-235,0NZKBs3qfP472oaJyzrgkPL6wgA=,qWAhYzXiFyvC1YAB39qMSTpqQTY=
174,-237,0NZKBs3qfP472oaJyzrgkPL6wgA=,iMILFCjH5xiow3JcDfKUgZoch8I=
174,-238,0NZKBs3qfP472oaJyzrgkPL6wgA=,iMILFCjH5xiow3JcDfKUgZoch8I=
171,-234,0NZKBs3qfP472oaJyzrgkPL6wgA=,qWAhYzXiFyvC1YAB39qMSTpqQTY=
175,-239,0NZKBs3qfP472oaJyzrgkPL6wgA=,iMILFCjH5xiow3JcDfKUgZoch8I=
175,-238,0NZKBs3qfP472oaJyzrgkPL6wgA=,iMILFCjH5xiow3JcDfKUgZoch8I=
174,-240,0NZKBs3qfP472oaJyzrgkPL6wgA=,iMILFCjH5xiow3JcDfKUgZoch8I=
173,-240,0NZKBs3qfP472oaJyzrgkPL6wgA=,iMILFCjH5xiow3JcDfKUgZoch8I=
171,-236,0NZKBs3qfP472oaJyzrgkPL6wgA=,qWAhYzXiFyvC1YAB39qMSTpqQTY=
173,-239,0NZKBs3qfP472oaJyzrgkPL6wgA=,iMILFCjH5xiow3JcDfKUgZoch8I=
173,-238,0NZKBs3qfP472oaJyzrgkPL6wgA=,iMILFCjH5xiow3JcDfKUgZoch8I=
171,-237,0NZKBs3qfP472oaJyzrgkPL6wgA=,VGqRhQJgnXveDw8XLrfCWJKG/K8=
173,-237,0NZKBs3qfP472oaJyzrgkPL6wgA=,iMILFCjH5xiow3JcDfKUgZoch8I=
172,-237,0NZKBs3qfP472oaJyzrgkPL6wgA=,iMILFCjH5xiow3JcDfKUgZoch8I=
172,-238,0NZKBs3qfP472oaJyzrgkPL6wgA=,iMILFCjH5xiow3JcDfKUgZoch8I=
171,-238,0NZKBs3qfP472oaJyzrgkPL6wgA=,VGqRhQJgnXveDw8XLrfCWJKG/K8=
174,-239,0NZKBs3qfP472oaJyzrgkPL6wgA=,iMILFCjH5xiow3JcDfKUgZoch8I=
172,-239,0NZKBs3qfP472oaJyzrgkPL6wgA=,iMILFCjH5xiow3JcDfKUgZoch8I=
171,-239,0NZKBs3qfP472oaJyzrgkPL6wgA=,VGqRhQJgnXveDw8XLrfCWJKG/K8=
164,-236,0NZKBs3qfP472oaJyzrgkPL6wgA=,GN1ji7pPuHZf0SvI8zxt1ce5lhQ=
168,-236,0NZKBs3qfP472oaJyzrgkPL6wgA=,qWAhYzXiFyvC1YAB39qMSTpqQTY=
170,-240,0NZKBs3qfP472oaJyzrgkPL6wgA=,VGqRhQJgnXveDw8XLrfCWJKG/K8=
169,-240,0NZKBs3qfP472oaJyzrgkPL6wgA=,VGqRhQJgnXveDw8XLrfCWJKG/K8=
172,-240,0NZKBs3qfP472oaJyzrgkPL6wgA=,iMILFCjH5xiow3JcDfKUgZoch8I=
166,-236,0NZKBs3qfP472oaJyzrgkPL6wgA=,GN1ji7pPuHZf0SvI8zxt1ce5lhQ=
167,-236,0NZKBs3qfP472oaJyzrgkPL6wgA=,GN1ji7pPuHZf0SvI8zxt1ce5lhQ=
168,-238,0NZKBs3qfP472oaJyzrgkPL6wgA=,VGqRhQJgnXveDw8XLrfCWJKG/K8=
165,-236,0NZKBs3qfP472oaJyzrgkPL6wgA=,GN1ji7pPuHZf0SvI8zxt1ce5lhQ=
168,-239,0NZKBs3qfP472oaJyzrgkPL6wgA=,VGqRhQJgnXveDw8XLrfCWJKG/K8=
164,-233,0NZKBs3qfP472oaJyzrgkPL6wgA=,GN1ji7pPuHZf0SvI8zxt1ce5lhQ=
164,-232,0NZKBs3qfP472oaJyzrgkPL6wgA=,63rHnkJWTM2LalvXYQ9W0C1rZx4=
164,-235,0NZKBs3qfP472oaJyzrgkPL6wgA=,GN1ji7pPuHZf0SvI8zxt1ce5lhQ=
164,-234,0NZKBs3qfP472oaJyzrgkPL6wgA=,GN1ji7pPuHZf0SvI8zxt1ce5lhQ=
168,-237,0NZKBs3qfP472oaJyzrgkPL6wgA=,VGqRhQJgnXveDw8XLrfCWJKG/K8=
171,-240,0NZKBs3qfP472oaJyzrgkPL6wgA=,VGqRhQJgnXveDw8XLrfCWJKG/K8=
168,-240,0NZKBs3qfP472oaJyzrgkPL6wgA=,VGqRhQJgnXveDw8XLrfCWJKG/K8=
167,-226,0NZKBs3qfP472oaJyzrgkPL6wgA=,6gsifDNMva2vdKQfvKNNlF8gNcc=
167,-229,0NZKBs3qfP472oaJyzrgkPL6wgA=,63rHnkJWTM2LalvXYQ9W0C1rZx4=
167,-227,0NZKBs3qfP472oaJyzrgkPL6wgA=,6gsifDNMva2vdKQfvKNNlF8gNcc=
167,-228,0NZKBs3qfP472oaJyzrgkPL6wgA=,6gsifDNMva2vdKQfvKNNlF8gNcc=
165,-225,0NZKBs3qfP472oaJyzrgkPL6wgA=,6gsifDNMva2vdKQfvKNNlF8gNcc=
166,-225,0NZKBs3qfP472oaJyzrgkPL6wgA=,6gsifDNMva2vdKQfvKNNlF8gNcc=
161,-225,0NZKBs3qfP472oaJyzrgkPL6wgA=,F0uRdvgqAMn9f8l5h3NMA3h5ORQ=
162,-225,0NZKBs3qfP472oaJyzrgkPL6wgA=,F0uRdvgqAMn9f8l5h3NMA3h5ORQ=
163,-225,0NZKBs3qfP472oaJyzrgkPL6wgA=,F0uRdvgqAMn9f8l5h3NMA3h5ORQ=
164,-225,0NZKBs3qfP472oaJyzrgkPL6wgA=,6gsifDNMva2vdKQfvKNNlF8gNcc=
160,-227,0NZKBs3qfP472oaJyzrgkPL6wgA=,F0uRdvgqAMn9f8l5h3NMA3h5ORQ=
160,-226,0NZKBs3qfP472oaJyzrgkPL6wgA=,F0uRdvgqAMn9f8l5h3NMA3h5ORQ=
175,-237,0NZKBs3qfP472oaJyzrgkPL6wgA=,iMILFCjH5xiow3JcDfKUgZoch8I=
167,-225,0NZKBs3qfP472oaJyzrgkPL6wgA=,6gsifDNMva2vdKQfvKNNlF8gNcc=
175,-240,0NZKBs3qfP472oaJyzrgkPL6wgA=,iMILFCjH5xiow3JcDfKUgZoch8I=
160,-228,0NZKBs3qfP472oaJyzrgkPL6wgA=,F0uRdvgqAMn9f8l5h3NMA3h5ORQ=
171,-233,0NZKBs3qfP472oaJyzrgkPL6wgA=,qWAhYzXiFyvC1YAB39qMSTpqQTY=
160,-225,0NZKBs3qfP472oaJyzrgkPL6wgA=,F0uRdvgqAMn9f8l5h3NMA3h5ORQ=
