1,2,lV45s+QR9eQssJSK/+0hSMJd9BY=,L2RjPOMllrZyFTbbbus3g9yms54=
2,1,lV45s+QR9eQssJSK/+0hSMJd9BY=,WAMlvUJ226cfNoLwgk+BbZb7T7I=
1,1,lV45s+QR9eQssJSK/+0hSMJd9BY=,UMakMI+LPoZx5V9nchswCVN8gKI=
2,2,lV45s+QR9eQssJSK/+0hSMJd9BY=,L5MkNBXeT0lYFDjsGPGrdh0+xZA=
2,5,GLhFyEsdLIWl1PrIWBXjbX3qLcI=,eZCYyPhV8NcqjOPEuHOVcQNd+Oo=
1,3,GLhFyEsdLIWl1PrIWBXjbX3qLcI=,L2RjPOMllrZyFTbbbus3g9yms54=
1,4,GLhFyEsdLIWl1PrIWBXjbX3qLcI=,c2DbLxsqch5LMRBEi5xEnsszwGw=
1,5,GLhFyEsdLIWl1PrIWBXjbX3qLcI=,c2DbLxsqch5LMRBEi5xEnsszwGw=
1,6,GLhFyEsdLIWl1PrIWBXjbX3qLcI=,llFAX+dlIT9hyHd4Do4Ff+K0Opk=
2,6,GLhFyEsdLIWl1PrIWBXjbX3qLcI=,cel3msoIQRCLRqY8+jvLeFTa1+E=
2,8,GLhFyEsdLIWl1PrIWBXjbX3qLcI=,WT02XlQ+o6pPYdpwbbcvaumSx40=
2,4,GLhFyEsdLIWl1PrIWBXjbX3qLcI=,eZCYyPhV8NcqjOPEuHOVcQNd+Oo=
2,3,GLhFyEsdLIWl1PrIWBXjbX3qLcI=,L5MkNBXeT0lYFDjsGPGrdh0+xZA=
1,8,GLhFyEsdLIWl1PrIWBXjbX3qLcI=,b352rQl/kkos+G9taGYGWj7omBE=
1,7,GLhFyEsdLIWl1PrIWBXjbX3qLcI=,llFAX+dlIT9hyHd4Do4Ff+K0Opk=
2,7,GLhFyEsdLIWl1PrIWBXjbX3qLcI=,cel3msoIQRCLRqY8+jvLeFTa1+E=
3,8,10sLRuGRNCr2HXWu2u12u5hsZa4=,WT02XlQ+o6pPYdpwbbcvaumSx40=
4,8,10sLRuGRNCr2HXWu2u12u5hsZa4=,ii/T8O96cLvp0mH5YhlmOEwSslU=
3,7,10sLRuGRNCr2HXWu2u12u5hsZa4=,cel3msoIQRCLRqY8+jvLeFTa1+E=
4,7,10sLRuGRNCr2HXWu2u12u5hsZa4=,pvPkEeuT3I8OIdhoc4oYcHkz/xA=
4,6,10sLRuGRNCr2HXWu2u12u5hsZa4=,pvPkEeuT3I8OIdhoc4oYcHkz/xA=
3,5,10sLRuGRNCr2HXWu2u12u5hsZa4=,eZCYyPhV8NcqjOPEuHOVcQNd+Oo=
3,6,10sLRuGRNCr2HXWu2u12u5hsZa4=,cel3msoIQRCLRqY8+jvLeFTa1+E=
4,5,jAGiZI0PgAoo6O0iBm3qpuq9QWw=,zwFbQmZNKcXD4c5rMb2mvxU/2Jw=
4,3,jAGiZI0PgAoo6O0iBm3qpuq9QWw=,8o5KbDmuDO6HqalGsry0cdPujw0=
3,3,jAGiZI0PgAoo6O0iBm3qpuq9QWw=,L5MkNBXeT0lYFDjsGPGrdh0+xZA=
3,4,jAGiZI0PgAoo6O0iBm3qpuq9QWw=,eZCYyPhV8NcqjOPEuHOVcQNd+Oo=
4,4,jAGiZI0PgAoo6O0iBm3qpuq9QWw=,zwFbQmZNKcXD4c5rMb2mvxU/2Jw=
4,2,jAGiZI0PgAoo6O0iBm3qpuq9QWw=,8o5KbDmuDO6HqalGsry0cdPujw0=
3,2,jAGiZI0PgAoo6O0iBm3qpuq9QWw=,L5MkNBXeT0lYFDjsGPGrdh0+xZA=
3,1,jAGiZI0PgAoo6O0iBm3qpuq9QWw=,WAMlvUJ226cfNoLwgk+BbZb7T7I=
4,1,jAGiZI0PgAoo6O0iBm3qpuq9QWw=,MvHzq1On9LBY9rOT2EDbqDNVA/Q=
6,3,jAGiZI0PgAoo6O0iBm3qpuq9QWw=,ouu9dp3wKKs4UzX3g3yRtG9H0Cw=
5,3,jAGiZI0PgAoo6O0iBm3qpuq9QWw=,8o5KbDmuDO6HqalGsry0cdPujw0=
5,4,jAGiZI0PgAoo6O0iBm3qpuq9QWw=,zwFbQmZNKcXD4c5rMb2mvxU/2Jw=
6,4,jAGiZI0PgAoo6O0iBm3qpuq9QWw=,okHClhuEzZyPTegS0M1EBMEcurA=
5,5,0NYi65LZbGUFZcJ5dDF64H/bwOU=,zwFbQmZNKcXD4c5rMb2mvxU/2Jw=
6,5,0NYi65LZbGUFZcJ5dDF64H/bwOU=,okHClhuEzZyPTegS0M1EBMEcurA=
5,6,0NYi65LZbGUFZcJ5dDF64H/bwOU=,pvPkEeuT3I8OIdhoc4oYcHkz/xA=
6,6,0NYi65LZbGUFZcJ5dDF64H/bwOU=,xIL8VWa9z+6Ec1HA7F4R9UXdtFM=
6,1,0NYi65LZbGUFZcJ5dDF64H/bwOU=,DyXFHks2v8Ig79Z5X6iy9HgVLRc=
5,1,0NYi65LZbGUFZcJ5dDF64H/bwOU=,MvHzq1On9LBY9rOT2EDbqDNVA/Q=
5,2,0NYi65LZbGUFZcJ5dDF64H/bwOU=,8o5KbDmuDO6HqalGsry0cdPujw0=
6,2,0NYi65LZbGUFZcJ5dDF64H/bwOU=,ouu9dp3wKKs4UzX3g3yRtG9H0Cw=
5,8,0NYi65LZbGUFZcJ5dDF64H/bwOU=,ii/T8O96cLvp0mH5YhlmOEwSslU=
6,8,0NYi65LZbGUFZcJ5dDF64H/bwOU=,6JDQo2TW0mjyks7uyRRVfxLQy70=
5,7,0NYi65LZbGUFZcJ5dDF64H/bwOU=,pvPkEeuT3I8OIdhoc4oYcHkz/xA=
6,7,0NYi65LZbGUFZcJ5dDF64H/bwOU=,xIL8VWa9z+6Ec1HA7F4R9UXdtFM=
7,5,bZFRHizmSzz1D+5tsxiOXNeoSbY=,okHClhuEzZyPTegS0M1EBMEcurA=
7,6,bZFRHizmSzz1D+5tsxiOXNeoSbY=,xIL8VWa9z+6Ec1HA7F4R9UXdtFM=
8,6,bZFRHizmSzz1D+5tsxiOXNeoSbY=,doBxqEaSDnQeWXDphxpNQhDTW1s=
8,5,bZFRHizmSzz1D+5tsxiOXNeoSbY=,6wOxlKMt5lPnfhBSIWWFvIKZR+U=
7,7,bZFRHizmSzz1D+5tsxiOXNeoSbY=,xIL8VWa9z+6Ec1HA7F4R9UXdtFM=
8,7,bZFRHizmSzz1D+5tsxiOXNeoSbY=,doBxqEaSDnQeWXDphxpNQhDTW1s=
7,8,bZFRHizmSzz1D+5tsxiOXNeoSbY=,6JDQo2TW0mjyks7uyRRVfxLQy70=
8,8,bZFRHizmSzz1D+5tsxiOXNeoSbY=,PVaaDTJeBme8zn0E4Be+zqh3Pb4=
7,3,bZFRHizmSzz1D+5tsxiOXNeoSbY=,ouu9dp3wKKs4UzX3g3yRtG9H0Cw=
7,4,bZFRHizmSzz1D+5tsxiOXNeoSbY=,okHClhuEzZyPTegS0M1EBMEcurA=
8,4,bZFRHizmSzz1D+5tsxiOXNeoSbY=,6wOxlKMt5lPnfhBSIWWFvIKZR+U=
8,3,bZFRHizmSzz1D+5tsxiOXNeoSbY=,Zyqv2+xBJx8Xvhz7Fpx26SHRKzY=
7,2,bZFRHizmSzz1D+5tsxiOXNeoSbY=,ouu9dp3wKKs4UzX3g3yRtG9H0Cw=
8,2,bZFRHizmSzz1D+5tsxiOXNeoSbY=,Zyqv2+xBJx8Xvhz7Fpx26SHRKzY=
7,1,bZFRHizmSzz1D+5tsxiOXNeoSbY=,DyXFHks2v8Ig79Z5X6iy9HgVLRc=
8,1,bZFRHizmSzz1D+5tsxiOXNeoSbY=,W24lOgxWJCN7NI3QJMvhpMuJkHM=
7,10,bZFRHizmSzz1D+5tsxiOXNeoSbY=,Fe1v7+396RK1D/yN5DA4sKfViXk=
8,10,bZFRHizmSzz1D+5tsxiOXNeoSbY=,F8oJwK4iDelhwUalcNdndrKXXZE=
7,9,bZFRHizmSzz1D+5tsxiOXNeoSbY=,6JDQo2TW0mjyks7uyRRVfxLQy70=
8,9,bZFRHizmSzz1D+5tsxiOXNeoSbY=,PVaaDTJeBme8zn0E4Be+zqh3Pb4=
8,12,QUBeo/Yrb84A2hD9DtTZ3+uz5u8=,254cieMD3LsWJ/T2DtUpSniQpT0=
7,12,QUBeo/Yrb84A2hD9DtTZ3+uz5u8=,hT0rDPFX3XGd7ZVAAhCGOPKXo/4=
7,11,QUBeo/Yrb84A2hD9DtTZ3+uz5u8=,Fe1v7+396RK1D/yN5DA4sKfViXk=
8,11,QUBeo/Yrb84A2hD9DtTZ3+uz5u8=,F8oJwK4iDelhwUalcNdndrKXXZE=
7,14,QUBeo/Yrb84A2hD9DtTZ3+uz5u8=,aAvEAPw+CJmKowpKof8qsNnbqMw=
7,13,QUBeo/Yrb84A2hD9DtTZ3+uz5u8=,hT0rDPFX3XGd7ZVAAhCGOPKXo/4=
8,13,QUBeo/Yrb84A2hD9DtTZ3+uz5u8=,254cieMD3LsWJ/T2DtUpSniQpT0=
8,14,QUBeo/Yrb84A2hD9DtTZ3+uz5u8=,Hk6HxuQw770ASLQAR7oQ7DbPtZU=
9,13,HknYNGqfX2VL7mubTj4/FWiZaDQ=,254cieMD3LsWJ/T2DtUpSniQpT0=
10,13,HknYNGqfX2VL7mubTj4/FWiZaDQ=,JDkMSV83W0V19+1y1HvDwNe8VmM=
9,14,HknYNGqfX2VL7mubTj4/FWiZaDQ=,Hk6HxuQw770ASLQAR7oQ7DbPtZU=
10,14,HknYNGqfX2VL7mubTj4/FWiZaDQ=,AzBLgA4URO6GENA/LGwqhY8uY5A=
10,5,HknYNGqfX2VL7mubTj4/FWiZaDQ=,V8pzb1DL+h12NH5MhFIte32e2aA=
9,5,HknYNGqfX2VL7mubTj4/FWiZaDQ=,6wOxlKMt5lPnfhBSIWWFvIKZR+U=
10,6,HknYNGqfX2VL7mubTj4/FWiZaDQ=,zQd56P+DkYaO786iPTuGLvofPEE=
9,6,HknYNGqfX2VL7mubTj4/FWiZaDQ=,doBxqEaSDnQeWXDphxpNQhDTW1s=
9,11,HknYNGqfX2VL7mubTj4/FWiZaDQ=,F8oJwK4iDelhwUalcNdndrKXXZE=
9,12,HknYNGqfX2VL7mubTj4/FWiZaDQ=,254cieMD3LsWJ/T2DtUpSniQpT0=
10,12,HknYNGqfX2VL7mubTj4/FWiZaDQ=,JDkMSV83W0V19+1y1HvDwNe8VmM=
10,11,HknYNGqfX2VL7mubTj4/FWiZaDQ=,MtelDCAv4eBAMlLi9BOFhaKiK8k=
10,7,OONMcn8UP/345zE2cuDnv///Y3o=,zQd56P+DkYaO786iPTuGLvofPEE=
9,8,OONMcn8UP/345zE2cuDnv///Y3o=,PVaaDTJeBme8zn0E4Be+zqh3Pb4=
9,9,OONMcn8UP/345zE2cuDnv///Y3o=,PVaaDTJeBme8zn0E4Be+zqh3Pb4=
10,9,OONMcn8UP/345zE2cuDnv///Y3o=,d8m8Uggm7KhZytunnOik2qjeEo0=
9,10,OONMcn8UP/345zE2cuDnv///Y3o=,F8oJwK4iDelhwUalcNdndrKXXZE=
10,8,OONMcn8UP/345zE2cuDnv///Y3o=,d8m8Uggm7KhZytunnOik2qjeEo0=
10,10,OONMcn8UP/345zE2cuDnv///Y3o=,MtelDCAv4eBAMlLi9BOFhaKiK8k=
9,7,OONMcn8UP/345zE2cuDnv///Y3o=,doBxqEaSDnQeWXDphxpNQhDTW1s=
9,3,OONMcn8UP/345zE2cuDnv///Y3o=,Zyqv2+xBJx8Xvhz7Fpx26SHRKzY=
10,4,OONMcn8UP/345zE2cuDnv///Y3o=,V8pzb1DL+h12NH5MhFIte32e2aA=
10,3,OONMcn8UP/345zE2cuDnv///Y3o=,3wpyzdAyW1/ycPa3PvN9de8uP7w=
9,4,OONMcn8UP/345zE2cuDnv///Y3o=,6wOxlKMt5lPnfhBSIWWFvIKZR+U=
9,2,OONMcn8UP/345zE2cuDnv///Y3o=,Zyqv2+xBJx8Xvhz7Fpx26SHRKzY=
9,1,OONMcn8UP/345zE2cuDnv///Y3o=,W24lOgxWJCN7NI3QJMvhpMuJkHM=
10,1,OONMcn8UP/345zE2cuDnv///Y3o=,mU9egRx15q92AE7MTGAeAIdT/DQ=
10,2,OONMcn8UP/345zE2cuDnv///Y3o=,3wpyzdAyW1/ycPa3PvN9de8uP7w=
12,11,OONMcn8UP/345zE2cuDnv///Y3o=,yrUdZhjFSayxzlSMKiLK1bkIGqE=
11,10,OONMcn8UP/345zE2cuDnv///Y3o=,MtelDCAv4eBAMlLi9BOFhaKiK8k=
11,11,OONMcn8UP/345zE2cuDnv///Y3o=,MtelDCAv4eBAMlLi9BOFhaKiK8k=
12,10,OONMcn8UP/345zE2cuDnv///Y3o=,yrUdZhjFSayxzlSMKiLK1bkIGqE=
11,9,OONMcn8UP/345zE2cuDnv///Y3o=,d8m8Uggm7KhZytunnOik2qjeEo0=
12,12,OONMcn8UP/345zE2cuDnv///Y3o=,DEz/HbJ/zfk4lW00Y6Li6q9l38c=
11,12,OONMcn8UP/345zE2cuDnv///Y3o=,JDkMSV83W0V19+1y1HvDwNe8VmM=
12,9,OONMcn8UP/345zE2cuDnv///Y3o=,yyE/QEeEBvQZevd5MJLudeV3jnE=
12,14,KakSo2XY/kMkZRVEfGof+g7jfwA=,Y3ZaMVK2uik+eA0kGcFniZgfCe0=
11,14,KakSo2XY/kMkZRVEfGof+g7jfwA=,AzBLgA4URO6GENA/LGwqhY8uY5A=
12,13,KakSo2XY/kMkZRVEfGof+g7jfwA=,DEz/HbJ/zfk4lW00Y6Li6q9l38c=
11,13,KakSo2XY/kMkZRVEfGof+g7jfwA=,JDkMSV83W0V19+1y1HvDwNe8VmM=
13,12,KakSo2XY/kMkZRVEfGof+g7jfwA=,DEz/HbJ/zfk4lW00Y6Li6q9l38c=
13,11,KakSo2XY/kMkZRVEfGof+g7jfwA=,yrUdZhjFSayxzlSMKiLK1bkIGqE=
14,11,KakSo2XY/kMkZRVEfGof+g7jfwA=,wYSLnhDM6KekyT8gAfmqUZcNqjs=
14,12,KakSo2XY/kMkZRVEfGof+g7jfwA=,CSJKeTuP/HNoSZQvH548FWmyBu4=
13,13,KakSo2XY/kMkZRVEfGof+g7jfwA=,DEz/HbJ/zfk4lW00Y6Li6q9l38c=
14,13,KakSo2XY/kMkZRVEfGof+g7jfwA=,CSJKeTuP/HNoSZQvH548FWmyBu4=
13,14,KakSo2XY/kMkZRVEfGof+g7jfwA=,Y3ZaMVK2uik+eA0kGcFniZgfCe0=
14,14,KakSo2XY/kMkZRVEfGof+g7jfwA=,BFILty5wWDyd2lINFgBUCz1vgJg=
13,10,KakSo2XY/kMkZRVEfGof+g7jfwA=,yrUdZhjFSayxzlSMKiLK1bkIGqE=
13,9,KakSo2XY/kMkZRVEfGof+g7jfwA=,yyE/QEeEBvQZevd5MJLudeV3jnE=
14,9,KakSo2XY/kMkZRVEfGof+g7jfwA=,lNs6Rlsy17jvUEVTpyGBUjhnlfc=
14,10,KakSo2XY/kMkZRVEfGof+g7jfwA=,wYSLnhDM6KekyT8gAfmqUZcNqjs=
14,7,KakSo2XY/kMkZRVEfGof+g7jfwA=,4/5Do0LufuxDPIFfnqw+izOr6/E=
11,7,KakSo2XY/kMkZRVEfGof+g7jfwA=,zQd56P+DkYaO786iPTuGLvofPEE=
14,8,KakSo2XY/kMkZRVEfGof+g7jfwA=,lNs6Rlsy17jvUEVTpyGBUjhnlfc=
11,8,KakSo2XY/kMkZRVEfGof+g7jfwA=,d8m8Uggm7KhZytunnOik2qjeEo0=
12,8,KakSo2XY/kMkZRVEfGof+g7jfwA=,yyE/QEeEBvQZevd5MJLudeV3jnE=
13,8,KakSo2XY/kMkZRVEfGof+g7jfwA=,yyE/QEeEBvQZevd5MJLudeV3jnE=
12,7,KakSo2XY/kMkZRVEfGof+g7jfwA=,6k7KfRxLS9nP5FVudyKo3BxnwkU=
13,7,KakSo2XY/kMkZRVEfGof+g7jfwA=,6k7KfRxLS9nP5FVudyKo3BxnwkU=
12,6,j1KjlGJk6lKoj99lTltWd9RLZAM=,6k7KfRxLS9nP5FVudyKo3BxnwkU=
11,5,j1KjlGJk6lKoj99lTltWd9RLZAM=,V8pzb1DL+h12NH5MhFIte32e2aA=
11,6,j1KjlGJk6lKoj99lTltWd9RLZAM=,zQd56P+DkYaO786iPTuGLvofPEE=
12,5,j1KjlGJk6lKoj99lTltWd9RLZAM=,TUyLcvj5rbsW2rOCpW3kMO9tcuE=
13,5,j1KjlGJk6lKoj99lTltWd9RLZAM=,TUyLcvj5rbsW2rOCpW3kMO9tcuE=
13,6,j1KjlGJk6lKoj99lTltWd9RLZAM=,6k7KfRxLS9nP5FVudyKo3BxnwkU=
14,5,j1KjlGJk6lKoj99lTltWd9RLZAM=,Kan4lGxbIDlqZRlcnY+tl+r2l/w=
14,6,j1KjlGJk6lKoj99lTltWd9RLZAM=,4/5Do0LufuxDPIFfnqw+izOr6/E=
11,4,j1KjlGJk6lKoj99lTltWd9RLZAM=,V8pzb1DL+h12NH5MhFIte32e2aA=
11,3,j1KjlGJk6lKoj99lTltWd9RLZAM=,3wpyzdAyW1/ycPa3PvN9de8uP7w=
12,3,j1KjlGJk6lKoj99lTltWd9RLZAM=,bX6aAb356r8eh31ias55tJe8vD4=
13,4,j1KjlGJk6lKoj99lTltWd9RLZAM=,TUyLcvj5rbsW2rOCpW3kMO9tcuE=
12,4,j1KjlGJk6lKoj99lTltWd9RLZAM=,TUyLcvj5rbsW2rOCpW3kMO9tcuE=
14,3,j1KjlGJk6lKoj99lTltWd9RLZAM=,Do+T1pov94Y1VFj538FQ8+h/Q6M=
14,4,j1KjlGJk6lKoj99lTltWd9RLZAM=,Kan4lGxbIDlqZRlcnY+tl+r2l/w=
13,3,j1KjlGJk6lKoj99lTltWd9RLZAM=,bX6aAb356r8eh31ias55tJe8vD4=
10,0,xK6DiVaRy33XtQK363yPIcOYGQI=,mU9egRx15q92AE7MTGAeAIdT/DQ=
9,0,xK6DiVaRy33XtQK363yPIcOYGQI=,W24lOgxWJCN7NI3QJMvhpMuJkHM=
12,2,xK6DiVaRy33XtQK363yPIcOYGQI=,bX6aAb356r8eh31ias55tJe8vD4=
8,0,xK6DiVaRy33XtQK363yPIcOYGQI=,W24lOgxWJCN7NI3QJMvhpMuJkHM=
12,1,xK6DiVaRy33XtQK363yPIcOYGQI=,KtztHVkQ4Iaq15cG84/VTSbhPNA=
7,0,xK6DiVaRy33XtQK363yPIcOYGQI=,DyXFHks2v8Ig79Z5X6iy9HgVLRc=
6,0,xK6DiVaRy33XtQK363yPIcOYGQI=,DyXFHks2v8Ig79Z5X6iy9HgVLRc=
12,0,xK6DiVaRy33XtQK363yPIcOYGQI=,KtztHVkQ4Iaq15cG84/VTSbhPNA=
5,0,xK6DiVaRy33XtQK363yPIcOYGQI=,MvHzq1On9LBY9rOT2EDbqDNVA/Q=
11,1,xK6DiVaRy33XtQK363yPIcOYGQI=,mU9egRx15q92AE7MTGAeAIdT/DQ=
11,2,xK6DiVaRy33XtQK363yPIcOYGQI=,3wpyzdAyW1/ycPa3PvN9de8uP7w=
4,0,xK6DiVaRy33XtQK363yPIcOYGQI=,MvHzq1On9LBY9rOT2EDbqDNVA/Q=
11,0,xK6DiVaRy33XtQK363yPIcOYGQI=,mU9egRx15q92AE7MTGAeAIdT/DQ=
15,3,xK6DiVaRy33XtQK363yPIcOYGQI=,Do+T1pov94Y1VFj538FQ8+h/Q6M=
15,4,xK6DiVaRy33XtQK363yPIcOYGQI=,Kan4lGxbIDlqZRlcnY+tl+r2l/w=
3,0,xK6DiVaRy33XtQK363yPIcOYGQI=,WAMlvUJ226cfNoLwgk+BbZb7T7I=
2,0,xK6DiVaRy33XtQK363yPIcOYGQI=,WAMlvUJ226cfNoLwgk+BbZb7T7I=
1,0,xK6DiVaRy33XtQK363yPIcOYGQI=,UMakMI+LPoZx5V9nchswCVN8gKI=
0,4,xK6DiVaRy33XtQK363yPIcOYGQI=,c2DbLxsqch5LMRBEi5xEnsszwGw=
0,2,xK6DiVaRy33XtQK363yPIcOYGQI=,L2RjPOMllrZyFTbbbus3g9yms54=
0,0,xK6DiVaRy33XtQK363yPIcOYGQI=,UMakMI+LPoZx5V9nchswCVN8gKI=
0,3,xK6DiVaRy33XtQK363yPIcOYGQI=,L2RjPOMllrZyFTbbbus3g9yms54=
0,1,xK6DiVaRy33XtQK363yPIcOYGQI=,UMakMI+LPoZx5V9nchswCVN8gKI=
0,6,xK6DiVaRy33XtQK363yPIcOYGQI=,llFAX+dlIT9hyHd4Do4Ff+K0Opk=
0,5,xK6DiVaRy33XtQK363yPIcOYGQI=,c2DbLxsqch5LMRBEi5xEnsszwGw=
0,7,xK6DiVaRy33XtQK363yPIcOYGQI=,llFAX+dlIT9hyHd4Do4Ff+K0Opk=
0,8,xK6DiVaRy33XtQK363yPIcOYGQI=,b352rQl/kkos+G9taGYGWj7omBE=
0,15,xK6DiVaRy33XtQK363yPIcOYGQI=,hl0TgTm9AyFFVP/bNMcPX/6kOMI=
1,15,xK6DiVaRy33XtQK363yPIcOYGQI=,hl0TgTm9AyFFVP/bNMcPX/6kOMI=
3,9,xK6DiVaRy33XtQK363yPIcOYGQI=,WT02XlQ+o6pPYdpwbbcvaumSx40=
4,9,xK6DiVaRy33XtQK363yPIcOYGQI=,ii/T8O96cLvp0mH5YhlmOEwSslU=
5,9,xK6DiVaRy33XtQK363yPIcOYGQI=,ii/T8O96cLvp0mH5YhlmOEwSslU=
6,9,xK6DiVaRy33XtQK363yPIcOYGQI=,6JDQo2TW0mjyks7uyRRVfxLQy70=
6,10,xK6DiVaRy33XtQK363yPIcOYGQI=,Fe1v7+396RK1D/yN5DA4sKfViXk=
6,12,xK6DiVaRy33XtQK363yPIcOYGQI=,hT0rDPFX3XGd7ZVAAhCGOPKXo/4=
6,11,xK6DiVaRy33XtQK363yPIcOYGQI=,Fe1v7+396RK1D/yN5DA4sKfViXk=
6,13,xK6DiVaRy33XtQK363yPIcOYGQI=,hT0rDPFX3XGd7ZVAAhCGOPKXo/4=
6,14,xK6DiVaRy33XtQK363yPIcOYGQI=,aAvEAPw+CJmKowpKof8qsNnbqMw=
1,14,xK6DiVaRy33XtQK363yPIcOYGQI=,hl0TgTm9AyFFVP/bNMcPX/6kOMI=
0,14,xK6DiVaRy33XtQK363yPIcOYGQI=,hl0TgTm9AyFFVP/bNMcPX/6kOMI=
1,13,xK6DiVaRy33XtQK363yPIcOYGQI=,rIRgLEv5A72sZONh90a3Sba3EvU=
0,13,xK6DiVaRy33XtQK363yPIcOYGQI=,rIRgLEv5A72sZONh90a3Sba3EvU=
6,15,xK6DiVaRy33XtQK363yPIcOYGQI=,aAvEAPw+CJmKowpKof8qsNnbqMw=
7,15,xK6DiVaRy33XtQK363yPIcOYGQI=,aAvEAPw+CJmKowpKof8qsNnbqMw=
8,15,xK6DiVaRy33XtQK363yPIcOYGQI=,Hk6HxuQw770ASLQAR7oQ7DbPtZU=
9,15,xK6DiVaRy33XtQK363yPIcOYGQI=,Hk6HxuQw770ASLQAR7oQ7DbPtZU=
10,15,xK6DiVaRy33XtQK363yPIcOYGQI=,AzBLgA4URO6GENA/LGwqhY8uY5A=
12,15,xK6DiVaRy33XtQK363yPIcOYGQI=,Y3ZaMVK2uik+eA0kGcFniZgfCe0=
11,15,xK6DiVaRy33XtQK363yPIcOYGQI=,AzBLgA4URO6GENA/LGwqhY8uY5A=
13,15,xK6DiVaRy33XtQK363yPIcOYGQI=,Y3ZaMVK2uik+eA0kGcFniZgfCe0=
15,13,xK6DiVaRy33XtQK363yPIcOYGQI=,CSJKeTuP/HNoSZQvH548FWmyBu4=
14,15,xK6DiVaRy33XtQK363yPIcOYGQI=,BFILty5wWDyd2lINFgBUCz1vgJg=
15,14,xK6DiVaRy33XtQK363yPIcOYGQI=,BFILty5wWDyd2lINFgBUCz1vgJg=
15,12,xK6DiVaRy33XtQK363yPIcOYGQI=,CSJKeTuP/HNoSZQvH548FWmyBu4=
15,11,xK6DiVaRy33XtQK363yPIcOYGQI=,wYSLnhDM6KekyT8gAfmqUZcNqjs=
2,9,xK6DiVaRy33XtQK363yPIcOYGQI=,WT02XlQ+o6pPYdpwbbcvaumSx40=
1,12,xK6DiVaRy33XtQK363yPIcOYGQI=,rIRgLEv5A72sZONh90a3Sba3EvU=
15,15,xK6DiVaRy33XtQK363yPIcOYGQI=,BFILty5wWDyd2lINFgBUCz1vgJg=
0,12,xK6DiVaRy33XtQK363yPIcOYGQI=,rIRgLEv5A72sZONh90a3Sba3EvU=
1,11,xK6DiVaRy33XtQK363yPIcOYGQI=,zCJZ74Q9+Qms//EdXl1gsuZFzps=
0,9,xK6DiVaRy33XtQK363yPIcOYGQI=,b352rQl/kkos+G9taGYGWj7omBE=
0,11,xK6DiVaRy33XtQK363yPIcOYGQI=,zCJZ74Q9+Qms//EdXl1gsuZFzps=
1,10,xK6DiVaRy33XtQK363yPIcOYGQI=,zCJZ74Q9+Qms//EdXl1gsuZFzps=
15,9,xK6DiVaRy33XtQK363yPIcOYGQI=,lNs6Rlsy17jvUEVTpyGBUjhnlfc=
0,10,xK6DiVaRy33XtQK363yPIcOYGQI=,zCJZ74Q9+Qms//EdXl1gsuZFzps=
1,9,xK6DiVaRy33XtQK363yPIcOYGQI=,b352rQl/kkos+G9taGYGWj7omBE=
15,10,xK6DiVaRy33XtQK363yPIcOYGQI=,wYSLnhDM6KekyT8gAfmqUZcNqjs=
15,5,uEGwNlHxqWKPkTDbYZeZNzeHsDQ=,Kan4lGxbIDlqZRlcnY+tl+r2l/w=
15,6,uEGwNlHxqWKPkTDbYZeZNzeHsDQ=,4/5Do0LufuxDPIFfnqw+izOr6/E=
15,8,uEGwNlHxqWKPkTDbYZeZNzeHsDQ=,lNs6Rlsy17jvUEVTpyGBUjhnlfc=
15,7,uEGwNlHxqWKPkTDbYZeZNzeHsDQ=,4/5Do0LufuxDPIFfnqw+izOr6/E=
15,1,uEGwNlHxqWKPkTDbYZeZNzeHsDQ=,DO7LLMKbEk2drHM46qFqAf//b7o=
13,0,uEGwNlHxqWKPkTDbYZeZNzeHsDQ=,KtztHVkQ4Iaq15cG84/VTSbhPNA=
13,1,uEGwNlHxqWKPkTDbYZeZNzeHsDQ=,KtztHVkQ4Iaq15cG84/VTSbhPNA=
13,2,uEGwNlHxqWKPkTDbYZeZNzeHsDQ=,bX6aAb356r8eh31ias55tJe8vD4=
15,2,uEGwNlHxqWKPkTDbYZeZNzeHsDQ=,Do+T1pov94Y1VFj538FQ8+h/Q6M=
14,1,uEGwNlHxqWKPkTDbYZeZNzeHsDQ=,DO7LLMKbEk2drHM46qFqAf//b7o=
14,2,uEGwNlHxqWKPkTDbYZeZNzeHsDQ=,Do+T1pov94Y1VFj538FQ8+h/Q6M=
14,0,uEGwNlHxqWKPkTDbYZeZNzeHsDQ=,DO7LLMKbEk2drHM46qFqAf//b7o=
15,0,uEGwNlHxqWKPkTDbYZeZNzeHsDQ=,DO7LLMKbEk2drHM46qFqAf//b7o=
3,28,78qJhYDvAIVOt2iiREaUOgctL48=,jLU1ywOvCgsX5BYz/hnzXLRZa2w=
3,27,78qJhYDvAIVOt2iiREaUOgctL48=,Rm8MTM5eP8COuVPSIvT5u+LPXGU=
4,28,78qJhYDvAIVOt2iiREaUOgctL48=,bgdm/idH9Xm+XzN5jwqyB1uDs9g=
4,27,78qJhYDvAIVOt2iiREaUOgctL48=,J9dVsSu38uGme0SvMlNDJmgMp1k=
1,27,78qJhYDvAIVOt2iiREaUOgctL48=,0RyUkxCWLjd8nqnyL3uiaCZ9smk=
2,27,78qJhYDvAIVOt2iiREaUOgctL48=,Rm8MTM5eP8COuVPSIvT5u+LPXGU=
2,28,78qJhYDvAIVOt2iiREaUOgctL48=,jLU1ywOvCgsX5BYz/hnzXLRZa2w=
1,28,78qJhYDvAIVOt2iiREaUOgctL48=,2y00z5mRQ83rtaH3X7UaPEbMJ1g=
7,29,78qJhYDvAIVOt2iiREaUOgctL48=,1K2FOvjopX/sXN3sZuuWOq/n9x0=
8,30,78qJhYDvAIVOt2iiREaUOgctL48=,MPaPwbYPnWGMmKkSdLzDAB8b7eY=
7,30,78qJhYDvAIVOt2iiREaUOgctL48=,mfwq7IkNm/0ZtHHYrvejxyKi0Rs=
8,29,78qJhYDvAIVOt2iiREaUOgctL48=,YBm0WNYxZGY90h3K8u+T8Oad5UE=
9,29,78qJhYDvAIVOt2iiREaUOgctL48=,YBm0WNYxZGY90h3K8u+T8Oad5UE=
9,30,78qJhYDvAIVOt2iiREaUOgctL48=,MPaPwbYPnWGMmKkSdLzDAB8b7eY=
10,30,78qJhYDvAIVOt2iiREaUOgctL48=,gJlEFQvsE+gGscgfUy+NNB7Cnag=
12,28,/36XZdh9BzcVcHV/ehK6KIjy5n8=,W/t1Xmiqg9smlRn3eHgf0xswdXs=
10,29,/36XZdh9BzcVcHV/ehK6KIjy5n8=,NPtO51q0ykKCym6ce9pWZiZtMi0=
9,28,/36XZdh9BzcVcHV/ehK6KIjy5n8=,YBm0WNYxZGY90h3K8u+T8Oad5UE=
10,27,/36XZdh9BzcVcHV/ehK6KIjy5n8=,uBIB6CKwXDOhd8y3HzJeStSxPM8=
10,28,/36XZdh9BzcVcHV/ehK6KIjy5n8=,NPtO51q0ykKCym6ce9pWZiZtMi0=
12,27,/36XZdh9BzcVcHV/ehK6KIjy5n8=,YrHP4LnUJwPy+wYHwZXM+ooRLk8=
11,27,/36XZdh9BzcVcHV/ehK6KIjy5n8=,uBIB6CKwXDOhd8y3HzJeStSxPM8=
11,28,/36XZdh9BzcVcHV/ehK6KIjy5n8=,NPtO51q0ykKCym6ce9pWZiZtMi0=
12,26,/36XZdh9BzcVcHV/ehK6KIjy5n8=,YrHP4LnUJwPy+wYHwZXM+ooRLk8=
12,25,/36XZdh9BzcVcHV/ehK6KIjy5n8=,CHkRdALvERJl678Zo3eYt8bvofw=
11,26,/36XZdh9BzcVcHV/ehK6KIjy5n8=,uBIB6CKwXDOhd8y3HzJeStSxPM8=
11,25,/36XZdh9BzcVcHV/ehK6KIjy5n8=,9hKjH5i/QQWOSUbQBVAknMMaE8c=
12,24,/36XZdh9BzcVcHV/ehK6KIjy5n8=,CHkRdALvERJl678Zo3eYt8bvofw=
11,24,/36XZdh9BzcVcHV/ehK6KIjy5n8=,9hKjH5i/QQWOSUbQBVAknMMaE8c=
11,23,/36XZdh9BzcVcHV/ehK6KIjy5n8=,5yhdSd2K5a9nRH8guWCNS0t0dN4=
9,20,ueuhmG5ZLZTsFBt6fkEEH+hMfok=,8s8HU6G9v0+y7Q1TuA+hQzuY6FM=
9,19,ueuhmG5ZLZTsFBt6fkEEH+hMfok=,WqDZWWg49UFQ1RB6JKriToWsNtI=
10,19,ueuhmG5ZLZTsFBt6fkEEH+hMfok=,LWeCDsQTL4UfmkKldagnkLnXpKM=
10,20,ueuhmG5ZLZTsFBt6fkEEH+hMfok=,VwOuTVVsBRYNe5pzfDGqwiwoF9Y=
13,18,ueuhmG5ZLZTsFBt6fkEEH+hMfok=,oWCJTyNMVeF/6OcVyQNYY897mK8=
14,17,ueuhmG5ZLZTsFBt6fkEEH+hMfok=,LGr4/+KyPIh6DUsFFa9QlZBzVxI=
13,17,ueuhmG5ZLZTsFBt6fkEEH+hMfok=,3eweDYIyjjjrTvl6Pb0iSMykOY0=
13,16,ueuhmG5ZLZTsFBt6fkEEH+hMfok=,3eweDYIyjjjrTvl6Pb0iSMykOY0=
14,16,ueuhmG5ZLZTsFBt6fkEEH+hMfok=,LGr4/+KyPIh6DUsFFa9QlZBzVxI=
10,18,ueuhmG5ZLZTsFBt6fkEEH+hMfok=,LWeCDsQTL4UfmkKldagnkLnXpKM=
9,18,ueuhmG5ZLZTsFBt6fkEEH+hMfok=,WqDZWWg49UFQ1RB6JKriToWsNtI=
9,17,ueuhmG5ZLZTsFBt6fkEEH+hMfok=,lXNdOv/WtFrx8Td6oWl4Iw6Wi2Q=
10,16,ueuhmG5ZLZTsFBt6fkEEH+hMfok=,gcsy4ek7fYTcW/iwcu6q4Z4wKGo=
10,17,ueuhmG5ZLZTsFBt6fkEEH+hMfok=,gcsy4ek7fYTcW/iwcu6q4Z4wKGo=
11,17,ueuhmG5ZLZTsFBt6fkEEH+hMfok=,gcsy4ek7fYTcW/iwcu6q4Z4wKGo=
11,18,ueuhmG5ZLZTsFBt6fkEEH+hMfok=,LWeCDsQTL4UfmkKldagnkLnXpKM=
12,17,ueuhmG5ZLZTsFBt6fkEEH+hMfok=,3eweDYIyjjjrTvl6Pb0iSMykOY0=
12,18,ueuhmG5ZLZTsFBt6fkEEH+hMfok=,oWCJTyNMVeF/6OcVyQNYY897mK8=
9,16,ueuhmG5ZLZTsFBt6fkEEH+hMfok=,lXNdOv/WtFrx8Td6oWl4Iw6Wi2Q=
12,16,ueuhmG5ZLZTsFBt6fkEEH+hMfok=,3eweDYIyjjjrTvl6Pb0iSMykOY0=
12,29,ueuhmG5ZLZTsFBt6fkEEH+hMfok=,W/t1Xmiqg9smlRn3eHgf0xswdXs=
11,16,ueuhmG5ZLZTsFBt6fkEEH+hMfok=,gcsy4ek7fYTcW/iwcu6q4Z4wKGo=
11,29,ueuhmG5ZLZTsFBt6fkEEH+hMfok=,NPtO51q0ykKCym6ce9pWZiZtMi0=
11,30,ueuhmG5ZLZTsFBt6fkEEH+hMfok=,gJlEFQvsE+gGscgfUy+NNB7Cnag=
9,31,ueuhmG5ZLZTsFBt6fkEEH+hMfok=,MPaPwbYPnWGMmKkSdLzDAB8b7eY=
10,31,ueuhmG5ZLZTsFBt6fkEEH+hMfok=,gJlEFQvsE+gGscgfUy+NNB7Cnag=
5,29,ueuhmG5ZLZTsFBt6fkEEH+hMfok=,bgdm/idH9Xm+XzN5jwqyB1uDs9g=
3,29,ueuhmG5ZLZTsFBt6fkEEH+hMfok=,jLU1ywOvCgsX5BYz/hnzXLRZa2w=
7,31,ueuhmG5ZLZTsFBt6fkEEH+hMfok=,mfwq7IkNm/0ZtHHYrvejxyKi0Rs=
6,29,ueuhmG5ZLZTsFBt6fkEEH+hMfok=,1K2FOvjopX/sXN3sZuuWOq/n9x0=
8,31,ueuhmG5ZLZTsFBt6fkEEH+hMfok=,MPaPwbYPnWGMmKkSdLzDAB8b7eY=
4,29,ueuhmG5ZLZTsFBt6fkEEH+hMfok=,bgdm/idH9Xm+XzN5jwqyB1uDs9g=
6,30,ueuhmG5ZLZTsFBt6fkEEH+hMfok=,mfwq7IkNm/0ZtHHYrvejxyKi0Rs=
1,26,ueuhmG5ZLZTsFBt6fkEEH+hMfok=,0RyUkxCWLjd8nqnyL3uiaCZ9smk=
2,26,ueuhmG5ZLZTsFBt6fkEEH+hMfok=,Rm8MTM5eP8COuVPSIvT5u+LPXGU=
11,31,ueuhmG5ZLZTsFBt6fkEEH+hMfok=,gJlEFQvsE+gGscgfUy+NNB7Cnag=
5,26,ueuhmG5ZLZTsFBt6fkEEH+hMfok=,J9dVsSu38uGme0SvMlNDJmgMp1k=
4,26,ueuhmG5ZLZTsFBt6fkEEH+hMfok=,J9dVsSu38uGme0SvMlNDJmgMp1k=
7,28,ueuhmG5ZLZTsFBt6fkEEH+hMfok=,1K2FOvjopX/sXN3sZuuWOq/n9x0=
5,27,ueuhmG5ZLZTsFBt6fkEEH+hMfok=,J9dVsSu38uGme0SvMlNDJmgMp1k=
8,28,ueuhmG5ZLZTsFBt6fkEEH+hMfok=,YBm0WNYxZGY90h3K8u+T8Oad5UE=
3,26,ueuhmG5ZLZTsFBt6fkEEH+hMfok=,Rm8MTM5eP8COuVPSIvT5u+LPXGU=
5,28,ueuhmG5ZLZTsFBt6fkEEH+hMfok=,bgdm/idH9Xm+XzN5jwqyB1uDs9g=
6,28,ueuhmG5ZLZTsFBt6fkEEH+hMfok=,1K2FOvjopX/sXN3sZuuWOq/n9x0=
10,25,ueuhmG5ZLZTsFBt6fkEEH+hMfok=,9hKjH5i/QQWOSUbQBVAknMMaE8c=
8,18,ueuhmG5ZLZTsFBt6fkEEH+hMfok=,WqDZWWg49UFQ1RB6JKriToWsNtI=
10,26,ueuhmG5ZLZTsFBt6fkEEH+hMfok=,uBIB6CKwXDOhd8y3HzJeStSxPM8=
8,17,ueuhmG5ZLZTsFBt6fkEEH+hMfok=,lXNdOv/WtFrx8Td6oWl4Iw6Wi2Q=
8,19,ueuhmG5ZLZTsFBt6fkEEH+hMfok=,WqDZWWg49UFQ1RB6JKriToWsNtI=
8,20,ueuhmG5ZLZTsFBt6fkEEH+hMfok=,8s8HU6G9v0+y7Q1TuA+hQzuY6FM=
10,24,ueuhmG5ZLZTsFBt6fkEEH+hMfok=,9hKjH5i/QQWOSUbQBVAknMMaE8c=
8,21,ueuhmG5ZLZTsFBt6fkEEH+hMfok=,8s8HU6G9v0+y7Q1TuA+hQzuY6FM=
10,23,ueuhmG5ZLZTsFBt6fkEEH+hMfok=,5yhdSd2K5a9nRH8guWCNS0t0dN4=
9,21,ueuhmG5ZLZTsFBt6fkEEH+hMfok=,8s8HU6G9v0+y7Q1TuA+hQzuY6FM=
10,22,ueuhmG5ZLZTsFBt6fkEEH+hMfok=,5yhdSd2K5a9nRH8guWCNS0t0dN4=
8,16,ueuhmG5ZLZTsFBt6fkEEH+hMfok=,lXNdOv/WtFrx8Td6oWl4Iw6Wi2Q=
10,21,ueuhmG5ZLZTsFBt6fkEEH+hMfok=,VwOuTVVsBRYNe5pzfDGqwiwoF9Y=
0,26,ueuhmG5ZLZTsFBt6fkEEH+hMfok=,0RyUkxCWLjd8nqnyL3uiaCZ9smk=
2,29,ueuhmG5ZLZTsFBt6fkEEH+hMfok=,jLU1ywOvCgsX5BYz/hnzXLRZa2w=
1,29,ueuhmG5ZLZTsFBt6fkEEH+hMfok=,2y00z5mRQ83rtaH3X7UaPEbMJ1g=
0,29,ueuhmG5ZLZTsFBt6fkEEH+hMfok=,2y00z5mRQ83rtaH3X7UaPEbMJ1g=
0,28,ueuhmG5ZLZTsFBt6fkEEH+hMfok=,2y00z5mRQ83rtaH3X7UaPEbMJ1g=
0,27,ueuhmG5ZLZTsFBt6fkEEH+hMfok=,0RyUkxCWLjd8nqnyL3uiaCZ9smk=
1,19,ueuhmG5ZLZTsFBt6fkEEH+hMfok=,4nWGowlJy3y0eZizFJ8FsUWjdL0=
1,20,ueuhmG5ZLZTsFBt6fkEEH+hMfok=,p/u40fzU+sMxTK15ccvO2S8GvAo=
1,21,ueuhmG5ZLZTsFBt6fkEEH+hMfok=,p/u40fzU+sMxTK15ccvO2S8GvAo=
13,26,ueuhmG5ZLZTsFBt6fkEEH+hMfok=,YrHP4LnUJwPy+wYHwZXM+ooRLk8=
0,21,ueuhmG5ZLZTsFBt6fkEEH+hMfok=,p/u40fzU+sMxTK15ccvO2S8GvAo=
0,19,ueuhmG5ZLZTsFBt6fkEEH+hMfok=,4nWGowlJy3y0eZizFJ8FsUWjdL0=
13,25,ueuhmG5ZLZTsFBt6fkEEH+hMfok=,CHkRdALvERJl678Zo3eYt8bvofw=
0,20,ueuhmG5ZLZTsFBt6fkEEH+hMfok=,p/u40fzU+sMxTK15ccvO2S8GvAo=
1,18,ueuhmG5ZLZTsFBt6fkEEH+hMfok=,4nWGowlJy3y0eZizFJ8FsUWjdL0=
1,17,ueuhmG5ZLZTsFBt6fkEEH+hMfok=,p36VJ3o9poCiFaXR+rf7P2Ynh+w=
0,16,ueuhmG5ZLZTsFBt6fkEEH+hMfok=,p36VJ3o9poCiFaXR+rf7P2Ynh+w=
1,16,ueuhmG5ZLZTsFBt6fkEEH+hMfok=,p36VJ3o9poCiFaXR+rf7P2Ynh+w=
0,18,ueuhmG5ZLZTsFBt6fkEEH+hMfok=,4nWGowlJy3y0eZizFJ8FsUWjdL0=
0,17,ueuhmG5ZLZTsFBt6fkEEH+hMfok=,p36VJ3o9poCiFaXR+rf7P2Ynh+w=
13,27,ueuhmG5ZLZTsFBt6fkEEH+hMfok=,YrHP4LnUJwPy+wYHwZXM+ooRLk8=
13,28,ueuhmG5ZLZTsFBt6fkEEH+hMfok=,W/t1Xmiqg9smlRn3eHgf0xswdXs=
13,19,ueuhmG5ZLZTsFBt6fkEEH+hMfok=,oWCJTyNMVeF/6OcVyQNYY897mK8=
13,29,ueuhmG5ZLZTsFBt6fkEEH+hMfok=,W/t1Xmiqg9smlRn3eHgf0xswdXs=
11,21,ueuhmG5ZLZTsFBt6fkEEH+hMfok=,VwOuTVVsBRYNe5pzfDGqwiwoF9Y=
11,22,ueuhmG5ZLZTsFBt6fkEEH+hMfok=,5yhdSd2K5a9nRH8guWCNS0t0dN4=
11,20,ueuhmG5ZLZTsFBt6fkEEH+hMfok=,VwOuTVVsBRYNe5pzfDGqwiwoF9Y=
12,19,ueuhmG5ZLZTsFBt6fkEEH+hMfok=,oWCJTyNMVeF/6OcVyQNYY897mK8=
6,31,ueuhmG5ZLZTsFBt6fkEEH+hMfok=,mfwq7IkNm/0ZtHHYrvejxyKi0Rs=
15,17,ueuhmG5ZLZTsFBt6fkEEH+hMfok=,LGr4/+KyPIh6DUsFFa9QlZBzVxI=
13,24,ueuhmG5ZLZTsFBt6fkEEH+hMfok=,CHkRdALvERJl678Zo3eYt8bvofw=
11,19,ueuhmG5ZLZTsFBt6fkEEH+hMfok=,LWeCDsQTL4UfmkKldagnkLnXpKM=
15,16,ueuhmG5ZLZTsFBt6fkEEH+hMfok=,LGr4/+KyPIh6DUsFFa9QlZBzVxI=
22,19,Kry4mUP7Wr3ogRMeaKSrHfgZxBc=,wCnMYS1fZ2/GdXr9TZWsuGqtqUQ=
21,19,Kry4mUP7Wr3ogRMeaKSrHfgZxBc=,XKWilu+f41jDRPYenN0dExpGgIg=
23,19,Kry4mUP7Wr3ogRMeaKSrHfgZxBc=,wCnMYS1fZ2/GdXr9TZWsuGqtqUQ=
19,19,Kry4mUP7Wr3ogRMeaKSrHfgZxBc=,8+aweIFHFpbEZRoHY4nW0dhl0rw=
20,19,Kry4mUP7Wr3ogRMeaKSrHfgZxBc=,XKWilu+f41jDRPYenN0dExpGgIg=
23,18,Kry4mUP7Wr3ogRMeaKSrHfgZxBc=,wCnMYS1fZ2/GdXr9TZWsuGqtqUQ=
23,17,Kry4mUP7Wr3ogRMeaKSrHfgZxBc=,E7fDL6VWVTPjPwB/MND++YMduEo=
23,16,Kry4mUP7Wr3ogRMeaKSrHfgZxBc=,E7fDL6VWVTPjPwB/MND++YMduEo=
18,19,Kry4mUP7Wr3ogRMeaKSrHfgZxBc=,8+aweIFHFpbEZRoHY4nW0dhl0rw=
22,18,Kry4mUP7Wr3ogRMeaKSrHfgZxBc=,wCnMYS1fZ2/GdXr9TZWsuGqtqUQ=
19,18,r5FwFzCxkTjYqwqoeg1dy0ue9I4=,8+aweIFHFpbEZRoHY4nW0dhl0rw=
21,16,r5FwFzCxkTjYqwqoeg1dy0ue9I4=,Ly1bRntsibzb492TQD222vxGLb4=
20,16,r5FwFzCxkTjYqwqoeg1dy0ue9I4=,Ly1bRntsibzb492TQD222vxGLb4=
19,16,r5FwFzCxkTjYqwqoeg1dy0ue9I4=,jELWPyt+M96xyrbzwaCGW4smid8=
19,17,r5FwFzCxkTjYqwqoeg1dy0ue9I4=,jELWPyt+M96xyrbzwaCGW4smid8=
21,18,r5FwFzCxkTjYqwqoeg1dy0ue9I4=,XKWilu+f41jDRPYenN0dExpGgIg=
21,17,r5FwFzCxkTjYqwqoeg1dy0ue9I4=,Ly1bRntsibzb492TQD222vxGLb4=
22,17,r5FwFzCxkTjYqwqoeg1dy0ue9I4=,E7fDL6VWVTPjPwB/MND++YMduEo=
22,16,r5FwFzCxkTjYqwqoeg1dy0ue9I4=,E7fDL6VWVTPjPwB/MND++YMduEo=
20,18,r5FwFzCxkTjYqwqoeg1dy0ue9I4=,XKWilu+f41jDRPYenN0dExpGgIg=
20,17,r5FwFzCxkTjYqwqoeg1dy0ue9I4=,Ly1bRntsibzb492TQD222vxGLb4=
18,16,r5FwFzCxkTjYqwqoeg1dy0ue9I4=,jELWPyt+M96xyrbzwaCGW4smid8=
18,18,r5FwFzCxkTjYqwqoeg1dy0ue9I4=,8+aweIFHFpbEZRoHY4nW0dhl0rw=
18,17,r5FwFzCxkTjYqwqoeg1dy0ue9I4=,jELWPyt+M96xyrbzwaCGW4smid8=
16,16,r5FwFzCxkTjYqwqoeg1dy0ue9I4=,hCAjqapa7YZyMh8o/6Ceqme8gTQ=
17,17,r5FwFzCxkTjYqwqoeg1dy0ue9I4=,hCAjqapa7YZyMh8o/6Ceqme8gTQ=
16,17,r5FwFzCxkTjYqwqoeg1dy0ue9I4=,hCAjqapa7YZyMh8o/6Ceqme8gTQ=
17,16,r5FwFzCxkTjYqwqoeg1dy0ue9I4=,hCAjqapa7YZyMh8o/6Ceqme8gTQ=
23,1,BRLg9oJDPJkn/Fs3cSCC+6N/Exg=,cMCoQgONCnd0A923IzrJHyBj6T0=
24,1,BRLg9oJDPJkn/Fs3cSCC+6N/Exg=,XPI3zus0EpkgSxSMjn1CNGns/zI=
24,2,BRLg9oJDPJkn/Fs3cSCC+6N/Exg=,LDGO0dq1xRSfnncT8LiguXwzxPQ=
23,2,BRLg9oJDPJkn/Fs3cSCC+6N/Exg=,OZWtPO3ZfXIx39X3VOSjwDX22Ck=
26,1,BRLg9oJDPJkn/Fs3cSCC+6N/Exg=,eVo9vkKmRFE0wMJ79HanNsoOQUQ=
25,2,BRLg9oJDPJkn/Fs3cSCC+6N/Exg=,LDGO0dq1xRSfnncT8LiguXwzxPQ=
25,1,BRLg9oJDPJkn/Fs3cSCC+6N/Exg=,XPI3zus0EpkgSxSMjn1CNGns/zI=
26,2,BRLg9oJDPJkn/Fs3cSCC+6N/Exg=,njif+NwEK1panPVikJNkSFIoO0A=
23,6,BRLg9oJDPJkn/Fs3cSCC+6N/Exg=,jek9dxgf6N5Ko0HeHZWA6MX2NRA=
25,5,BRLg9oJDPJkn/Fs3cSCC+6N/Exg=,FZju+xEVz1wojYgyYVN7bViu/+w=
24,6,BRLg9oJDPJkn/Fs3cSCC+6N/Exg=,/+43iBkpn+hPQImDOPhYrXl/HJ4=
24,5,BRLg9oJDPJkn/Fs3cSCC+6N/Exg=,FZju+xEVz1wojYgyYVN7bViu/+w=
25,6,BRLg9oJDPJkn/Fs3cSCC+6N/Exg=,/+43iBkpn+hPQImDOPhYrXl/HJ4=
26,5,BRLg9oJDPJkn/Fs3cSCC+6N/Exg=,ik5CWqotriJ/6u72w+IWNRiKP1c=
23,5,BRLg9oJDPJkn/Fs3cSCC+6N/Exg=,PJhoaiXteJgcuyqnJUeghIKbArM=
26,6,BRLg9oJDPJkn/Fs3cSCC+6N/Exg=,YFHkTLSl9EgsOcoqzwrVEJCvnYg=
26,4,BRLg9oJDPJkn/Fs3cSCC+6N/Exg=,ik5CWqotriJ/6u72w+IWNRiKP1c=
26,3,BRLg9oJDPJkn/Fs3cSCC+6N/Exg=,njif+NwEK1panPVikJNkSFIoO0A=
24,3,BRLg9oJDPJkn/Fs3cSCC+6N/Exg=,LDGO0dq1xRSfnncT8LiguXwzxPQ=
24,4,BRLg9oJDPJkn/Fs3cSCC+6N/Exg=,FZju+xEVz1wojYgyYVN7bViu/+w=
25,3,BRLg9oJDPJkn/Fs3cSCC+6N/Exg=,LDGO0dq1xRSfnncT8LiguXwzxPQ=
23,4,BRLg9oJDPJkn/Fs3cSCC+6N/Exg=,PJhoaiXteJgcuyqnJUeghIKbArM=
25,4,BRLg9oJDPJkn/Fs3cSCC+6N/Exg=,FZju+xEVz1wojYgyYVN7bViu/+w=
23,3,BRLg9oJDPJkn/Fs3cSCC+6N/Exg=,OZWtPO3ZfXIx39X3VOSjwDX22Ck=
23,7,Ea5RyM4ad2OiSDLzDdeGuI8br74=,jek9dxgf6N5Ko0HeHZWA6MX2NRA=
24,8,Ea5RyM4ad2OiSDLzDdeGuI8br74=,O+tmRRR4gyYZoD8eQco0l7+zPQE=
24,7,Ea5RyM4ad2OiSDLzDdeGuI8br74=,/+43iBkpn+hPQImDOPhYrXl/HJ4=
25,8,Ea5RyM4ad2OiSDLzDdeGuI8br74=,O+tmRRR4gyYZoD8eQco0l7+zPQE=
25,7,Ea5RyM4ad2OiSDLzDdeGuI8br74=,/+43iBkpn+hPQImDOPhYrXl/HJ4=
23,8,Ea5RyM4ad2OiSDLzDdeGuI8br74=,s5NHd0m/2WZbBF2w2puQe8QAdVw=
26,7,Ea5RyM4ad2OiSDLzDdeGuI8br74=,YFHkTLSl9EgsOcoqzwrVEJCvnYg=
26,8,Ea5RyM4ad2OiSDLzDdeGuI8br74=,PX/rF42mhz3eFRUg1tD6wGp9CN4=
22,6,rnkpmeeR5rR1LsK6Wf+owE80oSI=,jek9dxgf6N5Ko0HeHZWA6MX2NRA=
22,8,rnkpmeeR5rR1LsK6Wf+owE80oSI=,s5NHd0m/2WZbBF2w2puQe8QAdVw=
21,5,rnkpmeeR5rR1LsK6Wf+owE80oSI=,eFqJlGkx3zaKJowMFWrOP1PPit0=
21,7,rnkpmeeR5rR1LsK6Wf+owE80oSI=,8u0iMWXqsLf07W+2kqBgmnXMUcs=
22,7,rnkpmeeR5rR1LsK6Wf+owE80oSI=,jek9dxgf6N5Ko0HeHZWA6MX2NRA=
21,8,rnkpmeeR5rR1LsK6Wf+owE80oSI=,uigpGd7aEhbyAjMAwqaYzyboCcU=
22,5,rnkpmeeR5rR1LsK6Wf+owE80oSI=,PJhoaiXteJgcuyqnJUeghIKbArM=
21,6,rnkpmeeR5rR1LsK6Wf+owE80oSI=,8u0iMWXqsLf07W+2kqBgmnXMUcs=
21,4,rnkpmeeR5rR1LsK6Wf+owE80oSI=,eFqJlGkx3zaKJowMFWrOP1PPit0=
21,3,rnkpmeeR5rR1LsK6Wf+owE80oSI=,VAE9XYh85UPE2muqySjiPftw24A=
22,3,rnkpmeeR5rR1LsK6Wf+owE80oSI=,OZWtPO3ZfXIx39X3VOSjwDX22Ck=
22,4,rnkpmeeR5rR1LsK6Wf+owE80oSI=,PJhoaiXteJgcuyqnJUeghIKbArM=
22,1,rnkpmeeR5rR1LsK6Wf+owE80oSI=,cMCoQgONCnd0A923IzrJHyBj6T0=
21,1,rnkpmeeR5rR1LsK6Wf+owE80oSI=,BpBU5P4WOsB0hS2wzX+RbsWIPJM=
21,2,rnkpmeeR5rR1LsK6Wf+owE80oSI=,VAE9XYh85UPE2muqySjiPftw24A=
22,2,rnkpmeeR5rR1LsK6Wf+owE80oSI=,OZWtPO3ZfXIx39X3VOSjwDX22Ck=
20,4,2H19BpmLsqRpuvpFYiR/cF7TFj0=,eFqJlGkx3zaKJowMFWrOP1PPit0=
19,3,2H19BpmLsqRpuvpFYiR/cF7TFj0=,f+YwC8PGhjn6QDGLZ6VQXyx8s28=
20,3,2H19BpmLsqRpuvpFYiR/cF7TFj0=,VAE9XYh85UPE2muqySjiPftw24A=
19,4,2H19BpmLsqRpuvpFYiR/cF7TFj0=,q/aHpPWA9aIkQoiHjQ/kSqQIbPI=
22,0,2H19BpmLsqRpuvpFYiR/cF7TFj0=,cMCoQgONCnd0A923IzrJHyBj6T0=
21,0,2H19BpmLsqRpuvpFYiR/cF7TFj0=,BpBU5P4WOsB0hS2wzX+RbsWIPJM=
19,1,2H19BpmLsqRpuvpFYiR/cF7TFj0=,t0hu9pNJJqwDWo0BIo4LudiaArA=
19,2,2H19BpmLsqRpuvpFYiR/cF7TFj0=,f+YwC8PGhjn6QDGLZ6VQXyx8s28=
20,0,2H19BpmLsqRpuvpFYiR/cF7TFj0=,BpBU5P4WOsB0hS2wzX+RbsWIPJM=
23,0,2H19BpmLsqRpuvpFYiR/cF7TFj0=,cMCoQgONCnd0A923IzrJHyBj6T0=
24,0,2H19BpmLsqRpuvpFYiR/cF7TFj0=,XPI3zus0EpkgSxSMjn1CNGns/zI=
19,0,2H19BpmLsqRpuvpFYiR/cF7TFj0=,t0hu9pNJJqwDWo0BIo4LudiaArA=
20,1,2H19BpmLsqRpuvpFYiR/cF7TFj0=,BpBU5P4WOsB0hS2wzX+RbsWIPJM=
20,2,2H19BpmLsqRpuvpFYiR/cF7TFj0=,VAE9XYh85UPE2muqySjiPftw24A=
25,0,2H19BpmLsqRpuvpFYiR/cF7TFj0=,XPI3zus0EpkgSxSMjn1CNGns/zI=
26,0,2H19BpmLsqRpuvpFYiR/cF7TFj0=,eVo9vkKmRFE0wMJ79HanNsoOQUQ=
16,4,y0kr+2BrZ+V1XVSrQU8IYWCIfZ0=,VCrIcB/poXRLKFV4XuklW7YI6dg=
16,3,y0kr+2BrZ+V1XVSrQU8IYWCIfZ0=,8DKun+JIwX9HgehQzLjNZARvy9A=
18,4,y0kr+2BrZ+V1XVSrQU8IYWCIfZ0=,q/aHpPWA9aIkQoiHjQ/kSqQIbPI=
17,4,y0kr+2BrZ+V1XVSrQU8IYWCIfZ0=,VCrIcB/poXRLKFV4XuklW7YI6dg=
17,3,y0kr+2BrZ+V1XVSrQU8IYWCIfZ0=,8DKun+JIwX9HgehQzLjNZARvy9A=
18,3,y0kr+2BrZ+V1XVSrQU8IYWCIfZ0=,f+YwC8PGhjn6QDGLZ6VQXyx8s28=
28,0,y0kr+2BrZ+V1XVSrQU8IYWCIfZ0=,ShIRUzP7VFmAYWHE0i0mB5MrFac=
30,0,y0kr+2BrZ+V1XVSrQU8IYWCIfZ0=,qtoCMMRNhOKX5aO0zGCzaeAHPiU=
29,0,y0kr+2BrZ+V1XVSrQU8IYWCIfZ0=,ShIRUzP7VFmAYWHE0i0mB5MrFac=
27,0,y0kr+2BrZ+V1XVSrQU8IYWCIfZ0=,eVo9vkKmRFE0wMJ79HanNsoOQUQ=
26,9,y0kr+2BrZ+V1XVSrQU8IYWCIfZ0=,PX/rF42mhz3eFRUg1tD6wGp9CN4=
25,9,y0kr+2BrZ+V1XVSrQU8IYWCIfZ0=,O+tmRRR4gyYZoD8eQco0l7+zPQE=
27,1,y0kr+2BrZ+V1XVSrQU8IYWCIfZ0=,eVo9vkKmRFE0wMJ79HanNsoOQUQ=
28,1,y0kr+2BrZ+V1XVSrQU8IYWCIfZ0=,ShIRUzP7VFmAYWHE0i0mB5MrFac=
27,4,y0kr+2BrZ+V1XVSrQU8IYWCIfZ0=,ik5CWqotriJ/6u72w+IWNRiKP1c=
28,3,y0kr+2BrZ+V1XVSrQU8IYWCIfZ0=,l1MfWLHxLYSGxPGygLM9p4VWpqg=
27,2,y0kr+2BrZ+V1XVSrQU8IYWCIfZ0=,njif+NwEK1panPVikJNkSFIoO0A=
28,2,y0kr+2BrZ+V1XVSrQU8IYWCIfZ0=,l1MfWLHxLYSGxPGygLM9p4VWpqg=
27,3,y0kr+2BrZ+V1XVSrQU8IYWCIfZ0=,njif+NwEK1panPVikJNkSFIoO0A=
30,1,y0kr+2BrZ+V1XVSrQU8IYWCIfZ0=,qtoCMMRNhOKX5aO0zGCzaeAHPiU=
29,3,y0kr+2BrZ+V1XVSrQU8IYWCIfZ0=,l1MfWLHxLYSGxPGygLM9p4VWpqg=
30,3,y0kr+2BrZ+V1XVSrQU8IYWCIfZ0=,9ms9+B46D0Z8AgodPofnPS/dJfE=
31,1,y0kr+2BrZ+V1XVSrQU8IYWCIfZ0=,qtoCMMRNhOKX5aO0zGCzaeAHPiU=
31,3,y0kr+2BrZ+V1XVSrQU8IYWCIfZ0=,9ms9+B46D0Z8AgodPofnPS/dJfE=
31,2,y0kr+2BrZ+V1XVSrQU8IYWCIfZ0=,9ms9+B46D0Z8AgodPofnPS/dJfE=
29,2,y0kr+2BrZ+V1XVSrQU8IYWCIfZ0=,l1MfWLHxLYSGxPGygLM9p4VWpqg=
29,1,y0kr+2BrZ+V1XVSrQU8IYWCIfZ0=,ShIRUzP7VFmAYWHE0i0mB5MrFac=
30,2,y0kr+2BrZ+V1XVSrQU8IYWCIfZ0=,9ms9+B46D0Z8AgodPofnPS/dJfE=
27,5,y0kr+2BrZ+V1XVSrQU8IYWCIfZ0=,ik5CWqotriJ/6u72w+IWNRiKP1c=
28,6,y0kr+2BrZ+V1XVSrQU8IYWCIfZ0=,yl43yaprIYbbKUGu6/XSpySWA0w=
27,6,y0kr+2BrZ+V1XVSrQU8IYWCIfZ0=,YFHkTLSl9EgsOcoqzwrVEJCvnYg=
29,6,y0kr+2BrZ+V1XVSrQU8IYWCIfZ0=,yl43yaprIYbbKUGu6/XSpySWA0w=
27,9,y0kr+2BrZ+V1XVSrQU8IYWCIfZ0=,PX/rF42mhz3eFRUg1tD6wGp9CN4=
27,7,y0kr+2BrZ+V1XVSrQU8IYWCIfZ0=,YFHkTLSl9EgsOcoqzwrVEJCvnYg=
28,9,y0kr+2BrZ+V1XVSrQU8IYWCIfZ0=,wfieE1FvdCm+XAteMRyKtey0160=
28,7,y0kr+2BrZ+V1XVSrQU8IYWCIfZ0=,yl43yaprIYbbKUGu6/XSpySWA0w=
27,8,y0kr+2BrZ+V1XVSrQU8IYWCIfZ0=,PX/rF42mhz3eFRUg1tD6wGp9CN4=
28,8,y0kr+2BrZ+V1XVSrQU8IYWCIfZ0=,wfieE1FvdCm+XAteMRyKtey0160=
24,9,y0kr+2BrZ+V1XVSrQU8IYWCIfZ0=,O+tmRRR4gyYZoD8eQco0l7+zPQE=
23,9,y0kr+2BrZ+V1XVSrQU8IYWCIfZ0=,s5NHd0m/2WZbBF2w2puQe8QAdVw=
29,9,y0kr+2BrZ+V1XVSrQU8IYWCIfZ0=,wfieE1FvdCm+XAteMRyKtey0160=
29,7,y0kr+2BrZ+V1XVSrQU8IYWCIfZ0=,yl43yaprIYbbKUGu6/XSpySWA0w=
31,9,y0kr+2BrZ+V1XVSrQU8IYWCIfZ0=,leHCOjBbrXNDAEsdf3ARVqrMLGE=
30,9,y0kr+2BrZ+V1XVSrQU8IYWCIfZ0=,leHCOjBbrXNDAEsdf3ARVqrMLGE=
31,8,y0kr+2BrZ+V1XVSrQU8IYWCIfZ0=,leHCOjBbrXNDAEsdf3ARVqrMLGE=
30,8,y0kr+2BrZ+V1XVSrQU8IYWCIfZ0=,leHCOjBbrXNDAEsdf3ARVqrMLGE=
29,8,y0kr+2BrZ+V1XVSrQU8IYWCIfZ0=,wfieE1FvdCm+XAteMRyKtey0160=
17,2,wepUlVHkuJN2txfW+HdPL/vH27g=,8DKun+JIwX9HgehQzLjNZARvy9A=
18,0,wepUlVHkuJN2txfW+HdPL/vH27g=,t0hu9pNJJqwDWo0BIo4LudiaArA=
18,2,wepUlVHkuJN2txfW+HdPL/vH27g=,f+YwC8PGhjn6QDGLZ6VQXyx8s28=
18,1,wepUlVHkuJN2txfW+HdPL/vH27g=,t0hu9pNJJqwDWo0BIo4LudiaArA=
17,1,wepUlVHkuJN2txfW+HdPL/vH27g=,Qf6nYqsIvK1tlDztUbO8BsNMOGY=
16,0,wepUlVHkuJN2txfW+HdPL/vH27g=,Qf6nYqsIvK1tlDztUbO8BsNMOGY=
17,0,wepUlVHkuJN2txfW+HdPL/vH27g=,Qf6nYqsIvK1tlDztUbO8BsNMOGY=
16,1,wepUlVHkuJN2txfW+HdPL/vH27g=,Qf6nYqsIvK1tlDztUbO8BsNMOGY=
16,2,wepUlVHkuJN2txfW+HdPL/vH27g=,8DKun+JIwX9HgehQzLjNZARvy9A=
17,14,wepUlVHkuJN2txfW+HdPL/vH27g=,Q/CkqEXbdrJYREYrMZRXoSxaiVo=
31,0,wepUlVHkuJN2txfW+HdPL/vH27g=,qtoCMMRNhOKX5aO0zGCzaeAHPiU=
20,8,wepUlVHkuJN2txfW+HdPL/vH27g=,uigpGd7aEhbyAjMAwqaYzyboCcU=
19,7,wepUlVHkuJN2txfW+HdPL/vH27g=,7SxepzFCIF2ibddR7A7hKuVBZfc=
19,5,wepUlVHkuJN2txfW+HdPL/vH27g=,q/aHpPWA9aIkQoiHjQ/kSqQIbPI=
20,6,wepUlVHkuJN2txfW+HdPL/vH27g=,8u0iMWXqsLf07W+2kqBgmnXMUcs=
20,7,wepUlVHkuJN2txfW+HdPL/vH27g=,8u0iMWXqsLf07W+2kqBgmnXMUcs=
19,6,wepUlVHkuJN2txfW+HdPL/vH27g=,7SxepzFCIF2ibddR7A7hKuVBZfc=
20,5,wepUlVHkuJN2txfW+HdPL/vH27g=,eFqJlGkx3zaKJowMFWrOP1PPit0=
18,6,wepUlVHkuJN2txfW+HdPL/vH27g=,7SxepzFCIF2ibddR7A7hKuVBZfc=
17,5,wepUlVHkuJN2txfW+HdPL/vH27g=,VCrIcB/poXRLKFV4XuklW7YI6dg=
18,5,wepUlVHkuJN2txfW+HdPL/vH27g=,q/aHpPWA9aIkQoiHjQ/kSqQIbPI=
16,14,wepUlVHkuJN2txfW+HdPL/vH27g=,Q/CkqEXbdrJYREYrMZRXoSxaiVo=
17,15,wepUlVHkuJN2txfW+HdPL/vH27g=,Q/CkqEXbdrJYREYrMZRXoSxaiVo=
16,15,wepUlVHkuJN2txfW+HdPL/vH27g=,Q/CkqEXbdrJYREYrMZRXoSxaiVo=
18,7,wepUlVHkuJN2txfW+HdPL/vH27g=,7SxepzFCIF2ibddR7A7hKuVBZfc=
23,15,wepUlVHkuJN2txfW+HdPL/vH27g=,SHn9OU5AuXTkDmVsMbeYKl/awN4=
16,5,wepUlVHkuJN2txfW+HdPL/vH27g=,VCrIcB/poXRLKFV4XuklW7YI6dg=
23,14,wepUlVHkuJN2txfW+HdPL/vH27g=,SHn9OU5AuXTkDmVsMbeYKl/awN4=
22,9,wepUlVHkuJN2txfW+HdPL/vH27g=,s5NHd0m/2WZbBF2w2puQe8QAdVw=
21,10,wepUlVHkuJN2txfW+HdPL/vH27g=,CD2ukwSCpwyw5Uqlff9fh7OdWGI=
21,9,wepUlVHkuJN2txfW+HdPL/vH27g=,uigpGd7aEhbyAjMAwqaYzyboCcU=
20,9,wepUlVHkuJN2txfW+HdPL/vH27g=,uigpGd7aEhbyAjMAwqaYzyboCcU=
20,10,wepUlVHkuJN2txfW+HdPL/vH27g=,CD2ukwSCpwyw5Uqlff9fh7OdWGI=
20,11,wepUlVHkuJN2txfW+HdPL/vH27g=,CD2ukwSCpwyw5Uqlff9fh7OdWGI=
21,11,wepUlVHkuJN2txfW+HdPL/vH27g=,CD2ukwSCpwyw5Uqlff9fh7OdWGI=
21,12,wepUlVHkuJN2txfW+HdPL/vH27g=,5omLx+2GtwPTFkOzCwy3Q7zGvCM=
20,12,wepUlVHkuJN2txfW+HdPL/vH27g=,5omLx+2GtwPTFkOzCwy3Q7zGvCM=
21,14,wepUlVHkuJN2txfW+HdPL/vH27g=,zrsf8Ku/gAn3OfOIy6Kf8h6PmRI=
21,13,wepUlVHkuJN2txfW+HdPL/vH27g=,5omLx+2GtwPTFkOzCwy3Q7zGvCM=
22,14,wepUlVHkuJN2txfW+HdPL/vH27g=,SHn9OU5AuXTkDmVsMbeYKl/awN4=
20,14,wepUlVHkuJN2txfW+HdPL/vH27g=,zrsf8Ku/gAn3OfOIy6Kf8h6PmRI=
22,15,wepUlVHkuJN2txfW+HdPL/vH27g=,SHn9OU5AuXTkDmVsMbeYKl/awN4=
20,13,wepUlVHkuJN2txfW+HdPL/vH27g=,5omLx+2GtwPTFkOzCwy3Q7zGvCM=
21,15,wepUlVHkuJN2txfW+HdPL/vH27g=,zrsf8Ku/gAn3OfOIy6Kf8h6PmRI=
20,15,wepUlVHkuJN2txfW+HdPL/vH27g=,zrsf8Ku/gAn3OfOIy6Kf8h6PmRI=
